{"level":"info","message":"Database is configured for: urlShortener","timestamp":"2025-05-07 12:38:06"}
{"level":"info","message":"Attempting to Start server on port 3000","timestamp":"2025-05-07 12:38:06"}
{"code":"3D000","file":"postinit.c","length":98,"level":"error","line":"1021","message":"Unable to establish database connection pool database \"urlShortener\" does not exist","name":"error","routine":"InitPostgres","severity":"FATAL","stack":"error: database \"urlShortener\" does not exist\n    at /home/tazoh-cliff/Desktop/url-shortener-app/node_modules/pg-pool/index.js:45:11\n    at process.processTicksAndRejections (node:internal/process/task_queues:105:5)\n    at async connectToDb (file:///home/tazoh-cliff/Desktop/url-shortener-app/config/db.js:81:20)\n    at async startServer (file:///home/tazoh-cliff/Desktop/url-shortener-app/bin/www:122:5)","timestamp":"2025-05-07 12:38:06"}
{"level":"info","message":"Database is configured for: urlShortener","timestamp":"2025-05-07 13:19:52"}
{"level":"info","message":"Attempting to Start server on port 3000","timestamp":"2025-05-07 13:19:52"}
{"code":"3D000","file":"postinit.c","length":98,"level":"error","line":"1021","message":"Unable to establish database connection pool database \"urlShortener\" does not exist","name":"error","routine":"InitPostgres","severity":"FATAL","stack":"error: database \"urlShortener\" does not exist\n    at /home/tazoh-cliff/Desktop/url-shortener-app/node_modules/pg-pool/index.js:45:11\n    at process.processTicksAndRejections (node:internal/process/task_queues:105:5)\n    at async connectToDb (file:///home/tazoh-cliff/Desktop/url-shortener-app/config/db.js:81:20)\n    at async startServer (file:///home/tazoh-cliff/Desktop/url-shortener-app/bin/www:122:5)","timestamp":"2025-05-07 13:19:52"}
{"level":"info","message":"Database is configured for: urlShortener","timestamp":"2025-05-07 13:22:21"}
{"level":"info","message":"Attempting to Start server on port 3000","timestamp":"2025-05-07 13:22:21"}
{"code":"3D000","file":"postinit.c","length":98,"level":"error","line":"1021","message":"Unable to establish database connection pool database \"urlShortener\" does not exist","name":"error","routine":"InitPostgres","severity":"FATAL","stack":"error: database \"urlShortener\" does not exist\n    at /home/tazoh-cliff/Desktop/url-shortener-app/node_modules/pg-pool/index.js:45:11\n    at process.processTicksAndRejections (node:internal/process/task_queues:105:5)\n    at async connectToDb (file:///home/tazoh-cliff/Desktop/url-shortener-app/config/db.js:81:20)\n    at async startServer (file:///home/tazoh-cliff/Desktop/url-shortener-app/bin/www:122:5)","timestamp":"2025-05-07 13:22:21"}
{"level":"info","message":"Database is configured for: urlShortener","timestamp":"2025-05-07 13:28:33"}
{"level":"info","message":"Attempting to Start server on port 3000","timestamp":"2025-05-07 13:28:33"}
{"code":"3D000","file":"postinit.c","length":98,"level":"error","line":"1021","message":"Unable to establish database connection pool database \"urlShortener\" does not exist","name":"error","routine":"InitPostgres","severity":"FATAL","stack":"error: database \"urlShortener\" does not exist\n    at /home/tazoh-cliff/Desktop/url-shortener-app/node_modules/pg-pool/index.js:45:11\n    at process.processTicksAndRejections (node:internal/process/task_queues:105:5)\n    at async connectToDb (file:///home/tazoh-cliff/Desktop/url-shortener-app/config/db.js:81:20)\n    at async startServer (file:///home/tazoh-cliff/Desktop/url-shortener-app/bin/www:122:5)","timestamp":"2025-05-07 13:28:33"}
{"level":"info","message":"Database is configured for: urlShortener","timestamp":"2025-05-07 13:31:17"}
{"level":"info","message":"Attempting to Start server on port 3000","timestamp":"2025-05-07 13:31:18"}
{"level":"info","message":"Client connected from Pool (Total count: 1","timestamp":"2025-05-07 13:31:18"}
{"level":"info","message":"Database connection pool established successfully","timestamp":"2025-05-07 13:31:18"}
{"level":"info","message":"Initializing database schema...","timestamp":"2025-05-07 13:31:18"}
{"error":"foreign key constraint \"urls_user_id_fkey\" cannot be implemented","level":"error","message":"Error during schema initialization:","stack":"error: foreign key constraint \"urls_user_id_fkey\" cannot be implemented\n    at /home/tazoh-cliff/Desktop/url-shortener-app/node_modules/pg/lib/client.js:545:17\n    at process.processTicksAndRejections (node:internal/process/task_queues:105:5)\n    at async initialzeDbSchema (file:///home/tazoh-cliff/Desktop/url-shortener-app/config/db.js:54:5)\n    at async startServer (file:///home/tazoh-cliff/Desktop/url-shortener-app/bin/www:123:5)","timestamp":"2025-05-07 13:31:18"}
{"level":"info","message":"Database is configured for: urlShortener","timestamp":"2025-05-07 13:35:20"}
{"level":"info","message":"Attempting to Start server on port 3000","timestamp":"2025-05-07 13:35:20"}
{"level":"info","message":"Client connected from Pool (Total count: 1","timestamp":"2025-05-07 13:35:20"}
{"level":"info","message":"Database connection pool established successfully","timestamp":"2025-05-07 13:35:20"}
{"level":"info","message":"Initializing database schema...","timestamp":"2025-05-07 13:35:20"}
{"level":"info","message":"Database schema initialized successfully","timestamp":"2025-05-07 13:35:20"}
{"level":"info","message":"Starting server on port 3000","timestamp":"2025-05-07 13:35:20"}
{"level":"info","message":"Starting server on port 3000","timestamp":"2025-05-07 13:35:20"}
{"level":"info","message":"Database is configured for: urlShortener","timestamp":"2025-05-07 17:15:38"}
{"level":"info","message":"Attempting to Start server on port 3000","timestamp":"2025-05-07 17:15:38"}
{"level":"info","message":"Client connected from Pool (Total count: 1","timestamp":"2025-05-07 17:15:38"}
{"level":"info","message":"Database connection pool established successfully","timestamp":"2025-05-07 17:15:38"}
{"level":"info","message":"Initializing database schema...","timestamp":"2025-05-07 17:15:38"}
{"error":"relation \"users\" already exists","level":"error","message":"Error during schema initialization:","stack":"error: relation \"users\" already exists\n    at /home/tazoh-cliff/Desktop/url-shortener-app/node_modules/pg/lib/client.js:545:17\n    at process.processTicksAndRejections (node:internal/process/task_queues:105:5)\n    at async initialzeDbSchema (file:///home/tazoh-cliff/Desktop/url-shortener-app/config/db.js:44:5)\n    at async startServer (file:///home/tazoh-cliff/Desktop/url-shortener-app/bin/www:123:5)","timestamp":"2025-05-07 17:15:38"}
{"level":"info","message":"Database is configured for: urlShortener","timestamp":"2025-05-07 17:21:12"}
{"level":"info","message":"Attempting to Start server on port 3000","timestamp":"2025-05-07 17:21:12"}
{"level":"info","message":"Client connected from Pool (Total count: 1","timestamp":"2025-05-07 17:21:12"}
{"level":"info","message":"Database connection pool established successfully","timestamp":"2025-05-07 17:21:12"}
{"level":"info","message":"Initializing database schema...","timestamp":"2025-05-07 17:21:12"}
{"error":"relation \"users\" already exists","level":"error","message":"Error during schema initialization:","stack":"error: relation \"users\" already exists\n    at /home/tazoh-cliff/Desktop/url-shortener-app/node_modules/pg/lib/client.js:545:17\n    at process.processTicksAndRejections (node:internal/process/task_queues:105:5)\n    at async initialzeDbSchema (file:///home/tazoh-cliff/Desktop/url-shortener-app/config/db.js:44:5)\n    at async startServer (file:///home/tazoh-cliff/Desktop/url-shortener-app/bin/www:123:5)","timestamp":"2025-05-07 17:21:12"}
{"level":"info","message":"Database is configured for: urlShortener","timestamp":"2025-05-07 17:24:50"}
{"level":"info","message":"Attempting to Start server on port 3000","timestamp":"2025-05-07 17:24:50"}
{"level":"info","message":"Client connected from Pool (Total count: 1","timestamp":"2025-05-07 17:24:50"}
{"level":"info","message":"Database connection pool established successfully","timestamp":"2025-05-07 17:24:50"}
{"level":"info","message":"Initializing database schema...","timestamp":"2025-05-07 17:24:50"}
{"error":"relation \"users\" already exists","level":"error","message":"Error during schema initialization:","stack":"error: relation \"users\" already exists\n    at /home/tazoh-cliff/Desktop/url-shortener-app/node_modules/pg/lib/client.js:545:17\n    at process.processTicksAndRejections (node:internal/process/task_queues:105:5)\n    at async initialzeDbSchema (file:///home/tazoh-cliff/Desktop/url-shortener-app/config/db.js:44:5)\n    at async startServer (file:///home/tazoh-cliff/Desktop/url-shortener-app/bin/www:123:5)","timestamp":"2025-05-07 17:24:50"}
{"level":"info","message":"Database is configured for: urlShortener","timestamp":"2025-05-07 17:24:53"}
{"level":"info","message":"Attempting to Start server on port 3000","timestamp":"2025-05-07 17:24:53"}
{"level":"info","message":"Client connected from Pool (Total count: 1","timestamp":"2025-05-07 17:24:53"}
{"level":"info","message":"Database connection pool established successfully","timestamp":"2025-05-07 17:24:53"}
{"level":"info","message":"Initializing database schema...","timestamp":"2025-05-07 17:24:53"}
{"error":"relation \"users\" already exists","level":"error","message":"Error during schema initialization:","stack":"error: relation \"users\" already exists\n    at /home/tazoh-cliff/Desktop/url-shortener-app/node_modules/pg/lib/client.js:545:17\n    at process.processTicksAndRejections (node:internal/process/task_queues:105:5)\n    at async initialzeDbSchema (file:///home/tazoh-cliff/Desktop/url-shortener-app/config/db.js:44:5)\n    at async startServer (file:///home/tazoh-cliff/Desktop/url-shortener-app/bin/www:123:5)","timestamp":"2025-05-07 17:24:53"}
{"level":"info","message":"Database is configured for: urlShortener","timestamp":"2025-05-07 17:24:56"}
{"level":"info","message":"Attempting to Start server on port 3000","timestamp":"2025-05-07 17:24:56"}
{"level":"info","message":"Client connected from Pool (Total count: 1","timestamp":"2025-05-07 17:24:56"}
{"level":"info","message":"Database connection pool established successfully","timestamp":"2025-05-07 17:24:56"}
{"level":"info","message":"Initializing database schema...","timestamp":"2025-05-07 17:24:56"}
{"error":"relation \"users\" already exists","level":"error","message":"Error during schema initialization:","stack":"error: relation \"users\" already exists\n    at /home/tazoh-cliff/Desktop/url-shortener-app/node_modules/pg/lib/client.js:545:17\n    at process.processTicksAndRejections (node:internal/process/task_queues:105:5)\n    at async initialzeDbSchema (file:///home/tazoh-cliff/Desktop/url-shortener-app/config/db.js:44:5)\n    at async startServer (file:///home/tazoh-cliff/Desktop/url-shortener-app/bin/www:123:5)","timestamp":"2025-05-07 17:24:56"}
{"level":"info","message":"Database is configured for: urlShortener","timestamp":"2025-05-07 17:24:57"}
{"level":"info","message":"Attempting to Start server on port 3000","timestamp":"2025-05-07 17:24:57"}
{"level":"info","message":"Client connected from Pool (Total count: 1","timestamp":"2025-05-07 17:24:57"}
{"level":"info","message":"Database connection pool established successfully","timestamp":"2025-05-07 17:24:57"}
{"level":"info","message":"Initializing database schema...","timestamp":"2025-05-07 17:24:57"}
{"error":"relation \"users\" already exists","level":"error","message":"Error during schema initialization:","stack":"error: relation \"users\" already exists\n    at /home/tazoh-cliff/Desktop/url-shortener-app/node_modules/pg/lib/client.js:545:17\n    at process.processTicksAndRejections (node:internal/process/task_queues:105:5)\n    at async initialzeDbSchema (file:///home/tazoh-cliff/Desktop/url-shortener-app/config/db.js:44:5)\n    at async startServer (file:///home/tazoh-cliff/Desktop/url-shortener-app/bin/www:123:5)","timestamp":"2025-05-07 17:24:57"}
{"level":"info","message":"Database is configured for: urlShortener","timestamp":"2025-05-07 17:25:33"}
{"level":"info","message":"Attempting to Start server on port 3000","timestamp":"2025-05-07 17:25:33"}
{"level":"info","message":"Client connected from Pool (Total count: 1","timestamp":"2025-05-07 17:25:34"}
{"level":"info","message":"Database connection pool established successfully","timestamp":"2025-05-07 17:25:34"}
{"level":"info","message":"Initializing database schema...","timestamp":"2025-05-07 17:25:34"}
{"error":"relation \"users\" already exists","level":"error","message":"Error during schema initialization:","stack":"error: relation \"users\" already exists\n    at /home/tazoh-cliff/Desktop/url-shortener-app/node_modules/pg/lib/client.js:545:17\n    at process.processTicksAndRejections (node:internal/process/task_queues:105:5)\n    at async initialzeDbSchema (file:///home/tazoh-cliff/Desktop/url-shortener-app/config/db.js:44:5)\n    at async startServer (file:///home/tazoh-cliff/Desktop/url-shortener-app/bin/www:123:5)","timestamp":"2025-05-07 17:25:34"}
{"level":"info","message":"Database is configured for: urlShortener","timestamp":"2025-05-07 17:29:17"}
{"level":"info","message":"Attempting to Start server on port 3000","timestamp":"2025-05-07 17:29:17"}
{"level":"info","message":"Client connected from Pool (Total count: 1","timestamp":"2025-05-07 17:29:17"}
{"level":"info","message":"Database connection pool established successfully","timestamp":"2025-05-07 17:29:17"}
{"level":"info","message":"Initializing database schema...","timestamp":"2025-05-07 17:29:17"}
{"level":"info","message":"Database schema initialized successfully","timestamp":"2025-05-07 17:29:17"}
{"level":"info","message":"Starting server on port 3000","timestamp":"2025-05-07 17:29:17"}
{"level":"info","message":"Starting server on port 3000","timestamp":"2025-05-07 17:29:17"}
{"level":"info","message":"Client connected from Pool (Total count: 1","timestamp":"2025-05-07 17:34:35"}
{"level":"info","message":"Executed query: { text: SELECT email FROM users WHERE email = $1..., params: [\"john@example.com\"], duration: 162ms, rows: 0}","timestamp":"2025-05-07 17:34:35"}
{"level":"info","message":"Executed query: { text: INSERT INTO users (first_name, last_name, email, password)\n                             VALUES($1,$2..., params: [\"John\",\"Doe\",\"john@example.com\",\"$2b$10$mF298Y/RCdMj5FFsNb4Nz.JpCrM4CRCbRfc5YFkiyPjRv.HSQ3VX.\"], duration: 33ms, rows: 1}","timestamp":"2025-05-07 17:34:35"}
{"level":"info","message":"user registered successfully: 38ab5621-bb4a-41a1-b88c-9adb8892af9b","timestamp":"2025-05-07 17:34:35"}
{"level":"info","message":"::ffff:127.0.0.1 - - [07/May/2025:16:34:35 +0000] \"POST /auth/userRegister HTTP/1.1\" 201 99 \"-\" \"insomnia/11.1.0\"","timestamp":"2025-05-07 17:34:35"}
{"level":"info","message":"Database is configured for: urlShortener","timestamp":"2025-05-07 17:35:42"}
{"level":"info","message":"Attempting to Start server on port 3000","timestamp":"2025-05-07 17:35:43"}
{"level":"info","message":"Client connected from Pool (Total count: 1","timestamp":"2025-05-07 17:35:43"}
{"level":"info","message":"Database connection pool established successfully","timestamp":"2025-05-07 17:35:43"}
{"level":"info","message":"Initializing database schema...","timestamp":"2025-05-07 17:35:43"}
{"level":"info","message":"Database schema initialized successfully","timestamp":"2025-05-07 17:35:43"}
{"level":"info","message":"Starting server on port 3000","timestamp":"2025-05-07 17:35:43"}
{"level":"info","message":"Starting server on port 3000","timestamp":"2025-05-07 17:35:43"}
{"level":"info","message":"Executed query: { text: SELECT email FROM users WHERE email = $1..., params: [\"john@example.com\"], duration: 9ms, rows: 0}","timestamp":"2025-05-07 17:35:51"}
{"level":"info","message":"Executed query: { text: INSERT INTO users (first_name, last_name, email, password)\n                             VALUES($1,$2..., params: [\"John\",\"Doe\",\"john@example.com\",\"$2b$10$QGewm7I.Wj212ao8cdB5YOw7ZNA13A/ECQTUCro2ZVej5FSMJLqsm\"], duration: 39ms, rows: 1}","timestamp":"2025-05-07 17:35:51"}
{"level":"info","message":"user registered successfully: e1371b56-0937-4bb1-a77d-41d4c3141680","timestamp":"2025-05-07 17:35:51"}
{"level":"info","message":"::ffff:127.0.0.1 - - [07/May/2025:16:35:51 +0000] \"POST /auth/userRegister HTTP/1.1\" 201 97 \"-\" \"insomnia/11.1.0\"","timestamp":"2025-05-07 17:35:51"}
{"level":"info","message":"Executed query: { text: SELECT email FROM users WHERE email = $1..., params: [\"john@example.com\"], duration: 3ms, rows: 1}","timestamp":"2025-05-07 17:35:54"}
{"level":"warn","message":"Registration attempt failed: Email already exists - john@example.com","timestamp":"2025-05-07 17:35:54"}
{"level":"info","message":"::ffff:127.0.0.1 - - [07/May/2025:16:35:54 +0000] \"POST /auth/userRegister HTTP/1.1\" 409 34 \"-\" \"insomnia/11.1.0\"","timestamp":"2025-05-07 17:35:54"}
{"level":"info","message":"Client connected from Pool (Total count: 1","timestamp":"2025-05-07 17:36:58"}
{"level":"info","message":"Executed query: { text: SELECT id, email, first_name, last_name, password FROM users WHERE email = $1..., params: [\"john@example.com\"], duration: 41ms, rows: 1}","timestamp":"2025-05-07 17:36:58"}
{"level":"info","message":"user logged in succesfully: john@example.com (ID : e1371b56-0937-4bb1-a77d-41d4c3141680)","timestamp":"2025-05-07 17:36:58"}
{"level":"info","message":"::ffff:127.0.0.1 - - [07/May/2025:16:36:58 +0000] \"POST /auth/userLogin HTTP/1.1\" 200 395 \"-\" \"insomnia/11.1.0\"","timestamp":"2025-05-07 17:36:58"}
{"level":"info","message":"Database is configured for: urlShortener","timestamp":"2025-05-07 17:38:53"}
{"level":"info","message":"Attempting to Start server on port 3000","timestamp":"2025-05-07 17:38:53"}
{"level":"info","message":"Client connected from Pool (Total count: 1","timestamp":"2025-05-07 17:38:53"}
{"level":"info","message":"Database connection pool established successfully","timestamp":"2025-05-07 17:38:53"}
{"level":"info","message":"Initializing database schema...","timestamp":"2025-05-07 17:38:53"}
{"level":"info","message":"Database schema initialized successfully","timestamp":"2025-05-07 17:38:53"}
{"level":"info","message":"Starting server on port 3000","timestamp":"2025-05-07 17:38:53"}
{"level":"info","message":"Starting server on port 3000","timestamp":"2025-05-07 17:38:53"}
{"level":"info","message":"Database is configured for: urlShortener","timestamp":"2025-05-07 17:39:01"}
{"level":"info","message":"Attempting to Start server on port 3000","timestamp":"2025-05-07 17:39:01"}
{"level":"info","message":"Client connected from Pool (Total count: 1","timestamp":"2025-05-07 17:39:01"}
{"level":"info","message":"Database connection pool established successfully","timestamp":"2025-05-07 17:39:01"}
{"level":"info","message":"Initializing database schema...","timestamp":"2025-05-07 17:39:01"}
{"level":"info","message":"Database schema initialized successfully","timestamp":"2025-05-07 17:39:01"}
{"level":"info","message":"Starting server on port 3000","timestamp":"2025-05-07 17:39:01"}
{"level":"info","message":"Starting server on port 3000","timestamp":"2025-05-07 17:39:01"}
{"level":"info","message":"Database is configured for: urlShortener","timestamp":"2025-05-07 17:39:04"}
{"level":"info","message":"Attempting to Start server on port 3000","timestamp":"2025-05-07 17:39:04"}
{"level":"info","message":"Client connected from Pool (Total count: 1","timestamp":"2025-05-07 17:39:04"}
{"level":"info","message":"Database connection pool established successfully","timestamp":"2025-05-07 17:39:04"}
{"level":"info","message":"Initializing database schema...","timestamp":"2025-05-07 17:39:04"}
{"level":"info","message":"Database schema initialized successfully","timestamp":"2025-05-07 17:39:04"}
{"level":"info","message":"Starting server on port 3000","timestamp":"2025-05-07 17:39:04"}
{"level":"info","message":"Starting server on port 3000","timestamp":"2025-05-07 17:39:04"}
{"level":"info","message":"Database is configured for: urlShortener","timestamp":"2025-05-07 17:39:05"}
{"level":"info","message":"Attempting to Start server on port 3000","timestamp":"2025-05-07 17:39:05"}
{"level":"info","message":"Client connected from Pool (Total count: 1","timestamp":"2025-05-07 17:39:05"}
{"level":"info","message":"Database connection pool established successfully","timestamp":"2025-05-07 17:39:05"}
{"level":"info","message":"Initializing database schema...","timestamp":"2025-05-07 17:39:05"}
{"level":"info","message":"Database schema initialized successfully","timestamp":"2025-05-07 17:39:05"}
{"level":"info","message":"Starting server on port 3000","timestamp":"2025-05-07 17:39:05"}
{"level":"info","message":"Starting server on port 3000","timestamp":"2025-05-07 17:39:05"}
{"level":"info","message":"Database is configured for: urlShortener","timestamp":"2025-05-07 17:39:09"}
{"level":"info","message":"Attempting to Start server on port 3000","timestamp":"2025-05-07 17:39:09"}
{"level":"info","message":"Client connected from Pool (Total count: 1","timestamp":"2025-05-07 17:39:09"}
{"level":"info","message":"Database connection pool established successfully","timestamp":"2025-05-07 17:39:09"}
{"level":"info","message":"Initializing database schema...","timestamp":"2025-05-07 17:39:09"}
{"level":"info","message":"Database schema initialized successfully","timestamp":"2025-05-07 17:39:09"}
{"level":"info","message":"Starting server on port 3000","timestamp":"2025-05-07 17:39:09"}
{"level":"info","message":"Starting server on port 3000","timestamp":"2025-05-07 17:39:09"}
{"level":"info","message":"Database is configured for: urlShortener","timestamp":"2025-05-07 17:39:12"}
{"level":"info","message":"Attempting to Start server on port 3000","timestamp":"2025-05-07 17:39:12"}
{"level":"info","message":"Client connected from Pool (Total count: 1","timestamp":"2025-05-07 17:39:12"}
{"level":"info","message":"Database connection pool established successfully","timestamp":"2025-05-07 17:39:12"}
{"level":"info","message":"Initializing database schema...","timestamp":"2025-05-07 17:39:12"}
{"level":"info","message":"Database schema initialized successfully","timestamp":"2025-05-07 17:39:12"}
{"level":"info","message":"Starting server on port 3000","timestamp":"2025-05-07 17:39:12"}
{"level":"info","message":"Starting server on port 3000","timestamp":"2025-05-07 17:39:12"}
{"level":"info","message":"Database is configured for: urlShortener","timestamp":"2025-05-07 17:39:26"}
{"level":"info","message":"Attempting to Start server on port 3000","timestamp":"2025-05-07 17:39:26"}
{"level":"info","message":"Client connected from Pool (Total count: 1","timestamp":"2025-05-07 17:39:26"}
{"level":"info","message":"Database connection pool established successfully","timestamp":"2025-05-07 17:39:26"}
{"level":"info","message":"Initializing database schema...","timestamp":"2025-05-07 17:39:26"}
{"level":"info","message":"Database schema initialized successfully","timestamp":"2025-05-07 17:39:26"}
{"level":"info","message":"Starting server on port 3000","timestamp":"2025-05-07 17:39:26"}
{"level":"info","message":"Starting server on port 3000","timestamp":"2025-05-07 17:39:26"}
{"level":"info","message":"Database is configured for: urlShortener","timestamp":"2025-05-07 17:39:33"}
{"level":"info","message":"Attempting to Start server on port 3000","timestamp":"2025-05-07 17:39:33"}
{"level":"info","message":"Client connected from Pool (Total count: 1","timestamp":"2025-05-07 17:39:33"}
{"level":"info","message":"Database connection pool established successfully","timestamp":"2025-05-07 17:39:33"}
{"level":"info","message":"Initializing database schema...","timestamp":"2025-05-07 17:39:33"}
{"level":"info","message":"Database schema initialized successfully","timestamp":"2025-05-07 17:39:33"}
{"level":"info","message":"Starting server on port 3000","timestamp":"2025-05-07 17:39:33"}
{"level":"info","message":"Starting server on port 3000","timestamp":"2025-05-07 17:39:33"}
{"level":"info","message":"Database is configured for: urlShortener","timestamp":"2025-05-07 17:39:37"}
{"level":"info","message":"Attempting to Start server on port 3000","timestamp":"2025-05-07 17:39:37"}
{"level":"info","message":"Client connected from Pool (Total count: 1","timestamp":"2025-05-07 17:39:37"}
{"level":"info","message":"Database connection pool established successfully","timestamp":"2025-05-07 17:39:37"}
{"level":"info","message":"Initializing database schema...","timestamp":"2025-05-07 17:39:37"}
{"level":"info","message":"Database schema initialized successfully","timestamp":"2025-05-07 17:39:37"}
{"level":"info","message":"Starting server on port 3000","timestamp":"2025-05-07 17:39:37"}
{"level":"info","message":"Starting server on port 3000","timestamp":"2025-05-07 17:39:37"}
{"level":"info","message":"Database is configured for: urlShortener","timestamp":"2025-05-07 17:39:40"}
{"level":"info","message":"Attempting to Start server on port 3000","timestamp":"2025-05-07 17:39:40"}
{"level":"info","message":"Client connected from Pool (Total count: 1","timestamp":"2025-05-07 17:39:40"}
{"level":"info","message":"Database connection pool established successfully","timestamp":"2025-05-07 17:39:40"}
{"level":"info","message":"Initializing database schema...","timestamp":"2025-05-07 17:39:40"}
{"level":"info","message":"Database schema initialized successfully","timestamp":"2025-05-07 17:39:40"}
{"level":"info","message":"Starting server on port 3000","timestamp":"2025-05-07 17:39:40"}
{"level":"info","message":"Starting server on port 3000","timestamp":"2025-05-07 17:39:40"}
{"level":"info","message":"Database is configured for: urlShortener","timestamp":"2025-05-07 17:39:44"}
{"level":"info","message":"Attempting to Start server on port 3000","timestamp":"2025-05-07 17:39:44"}
{"level":"info","message":"Client connected from Pool (Total count: 1","timestamp":"2025-05-07 17:39:44"}
{"level":"info","message":"Database connection pool established successfully","timestamp":"2025-05-07 17:39:44"}
{"level":"info","message":"Initializing database schema...","timestamp":"2025-05-07 17:39:44"}
{"level":"info","message":"Database schema initialized successfully","timestamp":"2025-05-07 17:39:45"}
{"level":"info","message":"Starting server on port 3000","timestamp":"2025-05-07 17:39:45"}
{"level":"info","message":"Starting server on port 3000","timestamp":"2025-05-07 17:39:45"}
{"level":"info","message":"Database is configured for: urlShortener","timestamp":"2025-05-07 17:39:52"}
{"level":"info","message":"Attempting to Start server on port 3000","timestamp":"2025-05-07 17:39:52"}
{"level":"info","message":"Client connected from Pool (Total count: 1","timestamp":"2025-05-07 17:39:52"}
{"level":"info","message":"Database connection pool established successfully","timestamp":"2025-05-07 17:39:52"}
{"level":"info","message":"Initializing database schema...","timestamp":"2025-05-07 17:39:52"}
{"level":"info","message":"Database schema initialized successfully","timestamp":"2025-05-07 17:39:52"}
{"level":"info","message":"Starting server on port 3000","timestamp":"2025-05-07 17:39:52"}
{"level":"info","message":"Starting server on port 3000","timestamp":"2025-05-07 17:39:52"}
{"level":"info","message":"Database is configured for: urlShortener","timestamp":"2025-05-07 17:39:59"}
{"level":"info","message":"Attempting to Start server on port 3000","timestamp":"2025-05-07 17:39:59"}
{"level":"info","message":"Client connected from Pool (Total count: 1","timestamp":"2025-05-07 17:39:59"}
{"level":"info","message":"Database connection pool established successfully","timestamp":"2025-05-07 17:39:59"}
{"level":"info","message":"Initializing database schema...","timestamp":"2025-05-07 17:39:59"}
{"level":"info","message":"Database schema initialized successfully","timestamp":"2025-05-07 17:39:59"}
{"level":"info","message":"Starting server on port 3000","timestamp":"2025-05-07 17:39:59"}
{"level":"info","message":"Starting server on port 3000","timestamp":"2025-05-07 17:39:59"}
{"level":"info","message":"Database is configured for: urlShortener","timestamp":"2025-05-07 17:40:05"}
{"level":"info","message":"Attempting to Start server on port 3000","timestamp":"2025-05-07 17:40:05"}
{"level":"info","message":"Client connected from Pool (Total count: 1","timestamp":"2025-05-07 17:40:05"}
{"level":"info","message":"Database connection pool established successfully","timestamp":"2025-05-07 17:40:05"}
{"level":"info","message":"Initializing database schema...","timestamp":"2025-05-07 17:40:05"}
{"level":"info","message":"Database schema initialized successfully","timestamp":"2025-05-07 17:40:05"}
{"level":"info","message":"Starting server on port 3000","timestamp":"2025-05-07 17:40:05"}
{"level":"info","message":"Starting server on port 3000","timestamp":"2025-05-07 17:40:05"}
{"level":"info","message":"Database is configured for: urlShortener","timestamp":"2025-05-07 17:40:08"}
{"level":"info","message":"Attempting to Start server on port 3000","timestamp":"2025-05-07 17:40:08"}
{"level":"info","message":"Client connected from Pool (Total count: 1","timestamp":"2025-05-07 17:40:08"}
{"level":"info","message":"Database connection pool established successfully","timestamp":"2025-05-07 17:40:08"}
{"level":"info","message":"Initializing database schema...","timestamp":"2025-05-07 17:40:08"}
{"level":"info","message":"Database schema initialized successfully","timestamp":"2025-05-07 17:40:08"}
{"level":"info","message":"Starting server on port 3000","timestamp":"2025-05-07 17:40:08"}
{"level":"info","message":"Starting server on port 3000","timestamp":"2025-05-07 17:40:08"}
{"level":"info","message":"Database is configured for: urlShortener","timestamp":"2025-05-07 17:40:10"}
{"level":"info","message":"Attempting to Start server on port 3000","timestamp":"2025-05-07 17:40:10"}
{"level":"info","message":"Client connected from Pool (Total count: 1","timestamp":"2025-05-07 17:40:10"}
{"level":"info","message":"Database connection pool established successfully","timestamp":"2025-05-07 17:40:10"}
{"level":"info","message":"Initializing database schema...","timestamp":"2025-05-07 17:40:10"}
{"level":"info","message":"Database schema initialized successfully","timestamp":"2025-05-07 17:40:10"}
{"level":"info","message":"Starting server on port 3000","timestamp":"2025-05-07 17:40:10"}
{"level":"info","message":"Starting server on port 3000","timestamp":"2025-05-07 17:40:10"}
{"level":"info","message":"Database is configured for: urlShortener","timestamp":"2025-05-07 17:40:12"}
{"level":"info","message":"Attempting to Start server on port 3000","timestamp":"2025-05-07 17:40:12"}
{"level":"info","message":"Client connected from Pool (Total count: 1","timestamp":"2025-05-07 17:40:12"}
{"level":"info","message":"Database connection pool established successfully","timestamp":"2025-05-07 17:40:12"}
{"level":"info","message":"Initializing database schema...","timestamp":"2025-05-07 17:40:12"}
{"level":"info","message":"Database schema initialized successfully","timestamp":"2025-05-07 17:40:12"}
{"level":"info","message":"Starting server on port 3000","timestamp":"2025-05-07 17:40:12"}
{"level":"info","message":"Starting server on port 3000","timestamp":"2025-05-07 17:40:12"}
{"level":"info","message":"Database is configured for: urlShortener","timestamp":"2025-05-07 17:40:15"}
{"level":"info","message":"Attempting to Start server on port 3000","timestamp":"2025-05-07 17:40:15"}
{"level":"info","message":"Client connected from Pool (Total count: 1","timestamp":"2025-05-07 17:40:15"}
{"level":"info","message":"Database connection pool established successfully","timestamp":"2025-05-07 17:40:15"}
{"level":"info","message":"Initializing database schema...","timestamp":"2025-05-07 17:40:15"}
{"level":"info","message":"Database schema initialized successfully","timestamp":"2025-05-07 17:40:15"}
{"level":"info","message":"Starting server on port 3000","timestamp":"2025-05-07 17:40:15"}
{"level":"info","message":"Starting server on port 3000","timestamp":"2025-05-07 17:40:15"}
{"level":"info","message":"Database is configured for: urlShortener","timestamp":"2025-05-07 17:40:17"}
{"level":"info","message":"Attempting to Start server on port 3000","timestamp":"2025-05-07 17:40:17"}
{"level":"info","message":"Client connected from Pool (Total count: 1","timestamp":"2025-05-07 17:40:17"}
{"level":"info","message":"Database connection pool established successfully","timestamp":"2025-05-07 17:40:17"}
{"level":"info","message":"Initializing database schema...","timestamp":"2025-05-07 17:40:17"}
{"level":"info","message":"Database schema initialized successfully","timestamp":"2025-05-07 17:40:17"}
{"level":"info","message":"Starting server on port 3000","timestamp":"2025-05-07 17:40:17"}
{"level":"info","message":"Starting server on port 3000","timestamp":"2025-05-07 17:40:17"}
{"level":"info","message":"Database is configured for: urlShortener","timestamp":"2025-05-07 17:40:18"}
{"level":"info","message":"Attempting to Start server on port 3000","timestamp":"2025-05-07 17:40:18"}
{"level":"info","message":"Client connected from Pool (Total count: 1","timestamp":"2025-05-07 17:40:18"}
{"level":"info","message":"Database connection pool established successfully","timestamp":"2025-05-07 17:40:18"}
{"level":"info","message":"Initializing database schema...","timestamp":"2025-05-07 17:40:18"}
{"level":"info","message":"Database schema initialized successfully","timestamp":"2025-05-07 17:40:19"}
{"level":"info","message":"Starting server on port 3000","timestamp":"2025-05-07 17:40:19"}
{"level":"info","message":"Starting server on port 3000","timestamp":"2025-05-07 17:40:19"}
{"level":"info","message":"Database is configured for: urlShortener","timestamp":"2025-05-07 17:40:20"}
{"level":"info","message":"Attempting to Start server on port 3000","timestamp":"2025-05-07 17:40:20"}
{"level":"info","message":"Client connected from Pool (Total count: 1","timestamp":"2025-05-07 17:40:20"}
{"level":"info","message":"Database connection pool established successfully","timestamp":"2025-05-07 17:40:20"}
{"level":"info","message":"Initializing database schema...","timestamp":"2025-05-07 17:40:20"}
{"level":"info","message":"Database schema initialized successfully","timestamp":"2025-05-07 17:40:20"}
{"level":"info","message":"Starting server on port 3000","timestamp":"2025-05-07 17:40:20"}
{"level":"info","message":"Starting server on port 3000","timestamp":"2025-05-07 17:40:20"}
{"level":"info","message":"Database is configured for: urlShortener","timestamp":"2025-05-07 17:40:23"}
{"level":"info","message":"Attempting to Start server on port 3000","timestamp":"2025-05-07 17:40:23"}
{"level":"info","message":"Client connected from Pool (Total count: 1","timestamp":"2025-05-07 17:40:23"}
{"level":"info","message":"Database connection pool established successfully","timestamp":"2025-05-07 17:40:23"}
{"level":"info","message":"Initializing database schema...","timestamp":"2025-05-07 17:40:23"}
{"level":"info","message":"Database schema initialized successfully","timestamp":"2025-05-07 17:40:23"}
{"level":"info","message":"Starting server on port 3000","timestamp":"2025-05-07 17:40:23"}
{"level":"info","message":"Starting server on port 3000","timestamp":"2025-05-07 17:40:23"}
{"level":"info","message":"Database is configured for: urlShortener","timestamp":"2025-05-07 17:40:35"}
{"level":"info","message":"Attempting to Start server on port 3000","timestamp":"2025-05-07 17:40:35"}
{"level":"info","message":"Client connected from Pool (Total count: 1","timestamp":"2025-05-07 17:40:35"}
{"level":"info","message":"Database connection pool established successfully","timestamp":"2025-05-07 17:40:35"}
{"level":"info","message":"Initializing database schema...","timestamp":"2025-05-07 17:40:35"}
{"level":"info","message":"Database schema initialized successfully","timestamp":"2025-05-07 17:40:35"}
{"level":"info","message":"Starting server on port 3000","timestamp":"2025-05-07 17:40:35"}
{"level":"info","message":"Starting server on port 3000","timestamp":"2025-05-07 17:40:35"}
{"level":"info","message":"Database is configured for: urlShortener","timestamp":"2025-05-07 17:40:45"}
{"level":"info","message":"Attempting to Start server on port 3000","timestamp":"2025-05-07 17:40:45"}
{"level":"info","message":"Client connected from Pool (Total count: 1","timestamp":"2025-05-07 17:40:45"}
{"level":"info","message":"Database connection pool established successfully","timestamp":"2025-05-07 17:40:45"}
{"level":"info","message":"Initializing database schema...","timestamp":"2025-05-07 17:40:45"}
{"level":"info","message":"Database schema initialized successfully","timestamp":"2025-05-07 17:40:45"}
{"level":"info","message":"Starting server on port 3000","timestamp":"2025-05-07 17:40:45"}
{"level":"info","message":"Starting server on port 3000","timestamp":"2025-05-07 17:40:45"}
{"level":"info","message":"Database is configured for: urlShortener","timestamp":"2025-05-07 17:40:48"}
{"level":"info","message":"Attempting to Start server on port 3000","timestamp":"2025-05-07 17:40:48"}
{"level":"info","message":"Client connected from Pool (Total count: 1","timestamp":"2025-05-07 17:40:48"}
{"level":"info","message":"Database connection pool established successfully","timestamp":"2025-05-07 17:40:48"}
{"level":"info","message":"Initializing database schema...","timestamp":"2025-05-07 17:40:48"}
{"level":"info","message":"Database schema initialized successfully","timestamp":"2025-05-07 17:40:48"}
{"level":"info","message":"Starting server on port 3000","timestamp":"2025-05-07 17:40:48"}
{"level":"info","message":"Starting server on port 3000","timestamp":"2025-05-07 17:40:48"}
{"level":"info","message":"Database is configured for: urlShortener","timestamp":"2025-05-07 17:40:54"}
{"level":"info","message":"Attempting to Start server on port 3000","timestamp":"2025-05-07 17:40:54"}
{"level":"info","message":"Client connected from Pool (Total count: 1","timestamp":"2025-05-07 17:40:54"}
{"level":"info","message":"Database connection pool established successfully","timestamp":"2025-05-07 17:40:54"}
{"level":"info","message":"Initializing database schema...","timestamp":"2025-05-07 17:40:54"}
{"level":"info","message":"Database schema initialized successfully","timestamp":"2025-05-07 17:40:54"}
{"level":"info","message":"Starting server on port 3000","timestamp":"2025-05-07 17:40:54"}
{"level":"info","message":"Starting server on port 3000","timestamp":"2025-05-07 17:40:54"}
{"level":"info","message":"Database is configured for: urlShortener","timestamp":"2025-05-07 17:41:01"}
{"level":"info","message":"Attempting to Start server on port 3000","timestamp":"2025-05-07 17:41:01"}
{"level":"info","message":"Client connected from Pool (Total count: 1","timestamp":"2025-05-07 17:41:01"}
{"level":"info","message":"Database connection pool established successfully","timestamp":"2025-05-07 17:41:01"}
{"level":"info","message":"Initializing database schema...","timestamp":"2025-05-07 17:41:01"}
{"level":"info","message":"Database schema initialized successfully","timestamp":"2025-05-07 17:41:01"}
{"level":"info","message":"Starting server on port 3000","timestamp":"2025-05-07 17:41:01"}
{"level":"info","message":"Starting server on port 3000","timestamp":"2025-05-07 17:41:01"}
{"level":"info","message":"Database is configured for: urlShortener","timestamp":"2025-05-07 17:41:04"}
{"level":"info","message":"Attempting to Start server on port 3000","timestamp":"2025-05-07 17:41:04"}
{"level":"info","message":"Client connected from Pool (Total count: 1","timestamp":"2025-05-07 17:41:04"}
{"level":"info","message":"Database connection pool established successfully","timestamp":"2025-05-07 17:41:04"}
{"level":"info","message":"Initializing database schema...","timestamp":"2025-05-07 17:41:04"}
{"level":"info","message":"Database schema initialized successfully","timestamp":"2025-05-07 17:41:04"}
{"level":"info","message":"Starting server on port 3000","timestamp":"2025-05-07 17:41:04"}
{"level":"info","message":"Starting server on port 3000","timestamp":"2025-05-07 17:41:04"}
{"level":"info","message":"Database is configured for: urlShortener","timestamp":"2025-05-07 17:41:06"}
{"level":"info","message":"Attempting to Start server on port 3000","timestamp":"2025-05-07 17:41:06"}
{"level":"info","message":"Client connected from Pool (Total count: 1","timestamp":"2025-05-07 17:41:06"}
{"level":"info","message":"Database connection pool established successfully","timestamp":"2025-05-07 17:41:06"}
{"level":"info","message":"Initializing database schema...","timestamp":"2025-05-07 17:41:06"}
{"level":"info","message":"Database schema initialized successfully","timestamp":"2025-05-07 17:41:06"}
{"level":"info","message":"Starting server on port 3000","timestamp":"2025-05-07 17:41:06"}
{"level":"info","message":"Starting server on port 3000","timestamp":"2025-05-07 17:41:06"}
{"level":"info","message":"Recieved SIGINT","timestamp":"2025-05-07 17:43:21"}
{"level":"info","message":"Database is configured for: urlShortener","timestamp":"2025-05-07 18:04:04"}
{"level":"info","message":"Attempting to Start server on port 3000","timestamp":"2025-05-07 18:04:04"}
{"level":"info","message":"Client connected from Pool (Total count: 1","timestamp":"2025-05-07 18:04:04"}
{"level":"info","message":"Database connection pool established successfully","timestamp":"2025-05-07 18:04:04"}
{"level":"info","message":"Initializing database schema...","timestamp":"2025-05-07 18:04:04"}
{"level":"info","message":"Database schema initialized successfully","timestamp":"2025-05-07 18:04:04"}
{"level":"info","message":"Starting server on port 3000","timestamp":"2025-05-07 18:04:04"}
{"level":"info","message":"Starting server on port 3000","timestamp":"2025-05-07 18:04:04"}
{"level":"info","message":"Database is configured for: urlShortener","timestamp":"2025-05-07 18:06:08"}
{"level":"info","message":"Attempting to Start server on port 3000","timestamp":"2025-05-07 18:06:08"}
{"level":"info","message":"Client connected from Pool (Total count: 1","timestamp":"2025-05-07 18:06:08"}
{"level":"info","message":"Database connection pool established successfully","timestamp":"2025-05-07 18:06:08"}
{"level":"info","message":"Initializing database schema...","timestamp":"2025-05-07 18:06:08"}
{"level":"info","message":"Database schema initialized successfully","timestamp":"2025-05-07 18:06:08"}
{"level":"info","message":"Starting server on port 3000","timestamp":"2025-05-07 18:06:08"}
{"level":"info","message":"Starting server on port 3000","timestamp":"2025-05-07 18:06:08"}
{"level":"info","message":"Database is configured for: urlShortener","timestamp":"2025-05-07 18:06:12"}
{"level":"info","message":"Attempting to Start server on port 3000","timestamp":"2025-05-07 18:06:12"}
{"level":"info","message":"Client connected from Pool (Total count: 1","timestamp":"2025-05-07 18:06:12"}
{"level":"info","message":"Database connection pool established successfully","timestamp":"2025-05-07 18:06:12"}
{"level":"info","message":"Initializing database schema...","timestamp":"2025-05-07 18:06:12"}
{"level":"info","message":"Database schema initialized successfully","timestamp":"2025-05-07 18:06:12"}
{"level":"info","message":"Starting server on port 3000","timestamp":"2025-05-07 18:06:12"}
{"level":"info","message":"Starting server on port 3000","timestamp":"2025-05-07 18:06:12"}
{"level":"info","message":"Database is configured for: urlShortener","timestamp":"2025-05-07 18:06:15"}
{"level":"info","message":"Attempting to Start server on port 3000","timestamp":"2025-05-07 18:06:15"}
{"level":"info","message":"Client connected from Pool (Total count: 1","timestamp":"2025-05-07 18:06:15"}
{"level":"info","message":"Database connection pool established successfully","timestamp":"2025-05-07 18:06:15"}
{"level":"info","message":"Initializing database schema...","timestamp":"2025-05-07 18:06:15"}
{"level":"info","message":"Database schema initialized successfully","timestamp":"2025-05-07 18:06:15"}
{"level":"info","message":"Starting server on port 3000","timestamp":"2025-05-07 18:06:15"}
{"level":"info","message":"Starting server on port 3000","timestamp":"2025-05-07 18:06:15"}
{"level":"info","message":"Database is configured for: urlShortener","timestamp":"2025-05-07 18:06:17"}
{"level":"info","message":"Attempting to Start server on port 3000","timestamp":"2025-05-07 18:06:17"}
{"level":"info","message":"Client connected from Pool (Total count: 1","timestamp":"2025-05-07 18:06:17"}
{"level":"info","message":"Database connection pool established successfully","timestamp":"2025-05-07 18:06:17"}
{"level":"info","message":"Initializing database schema...","timestamp":"2025-05-07 18:06:17"}
{"level":"info","message":"Database schema initialized successfully","timestamp":"2025-05-07 18:06:17"}
{"level":"info","message":"Starting server on port 3000","timestamp":"2025-05-07 18:06:17"}
{"level":"info","message":"Starting server on port 3000","timestamp":"2025-05-07 18:06:17"}
{"level":"info","message":"Database is configured for: urlShortener","timestamp":"2025-05-07 18:06:32"}
{"level":"info","message":"Attempting to Start server on port 3000","timestamp":"2025-05-07 18:06:32"}
{"level":"info","message":"Client connected from Pool (Total count: 1","timestamp":"2025-05-07 18:06:32"}
{"level":"info","message":"Database connection pool established successfully","timestamp":"2025-05-07 18:06:32"}
{"level":"info","message":"Initializing database schema...","timestamp":"2025-05-07 18:06:32"}
{"level":"info","message":"Database schema initialized successfully","timestamp":"2025-05-07 18:06:32"}
{"level":"info","message":"Starting server on port 3000","timestamp":"2025-05-07 18:06:32"}
{"level":"info","message":"Starting server on port 3000","timestamp":"2025-05-07 18:06:32"}
{"level":"info","message":"Database is configured for: urlShortener","timestamp":"2025-05-07 18:06:43"}
{"level":"info","message":"Attempting to Start server on port 3000","timestamp":"2025-05-07 18:06:43"}
{"level":"info","message":"Client connected from Pool (Total count: 1","timestamp":"2025-05-07 18:06:43"}
{"level":"info","message":"Database connection pool established successfully","timestamp":"2025-05-07 18:06:43"}
{"level":"info","message":"Initializing database schema...","timestamp":"2025-05-07 18:06:43"}
{"level":"info","message":"Database schema initialized successfully","timestamp":"2025-05-07 18:06:43"}
{"level":"info","message":"Starting server on port 3000","timestamp":"2025-05-07 18:06:43"}
{"level":"info","message":"Starting server on port 3000","timestamp":"2025-05-07 18:06:43"}
{"level":"info","message":"Database is configured for: urlShortener","timestamp":"2025-05-07 18:06:44"}
{"level":"info","message":"Attempting to Start server on port 3000","timestamp":"2025-05-07 18:06:44"}
{"level":"info","message":"Client connected from Pool (Total count: 1","timestamp":"2025-05-07 18:06:44"}
{"level":"info","message":"Database connection pool established successfully","timestamp":"2025-05-07 18:06:44"}
{"level":"info","message":"Initializing database schema...","timestamp":"2025-05-07 18:06:44"}
{"level":"info","message":"Database schema initialized successfully","timestamp":"2025-05-07 18:06:44"}
{"level":"info","message":"Starting server on port 3000","timestamp":"2025-05-07 18:06:44"}
{"level":"info","message":"Starting server on port 3000","timestamp":"2025-05-07 18:06:44"}
{"level":"info","message":"Database is configured for: urlShortener","timestamp":"2025-05-07 18:08:12"}
{"level":"info","message":"Attempting to Start server on port 3000","timestamp":"2025-05-07 18:08:12"}
{"level":"info","message":"Client connected from Pool (Total count: 1","timestamp":"2025-05-07 18:08:12"}
{"level":"info","message":"Database connection pool established successfully","timestamp":"2025-05-07 18:08:12"}
{"level":"info","message":"Initializing database schema...","timestamp":"2025-05-07 18:08:12"}
{"level":"info","message":"Database schema initialized successfully","timestamp":"2025-05-07 18:08:12"}
{"level":"info","message":"Starting server on port 3000","timestamp":"2025-05-07 18:08:12"}
{"level":"info","message":"Starting server on port 3000","timestamp":"2025-05-07 18:08:12"}
{"level":"info","message":"Database is configured for: urlShortener","timestamp":"2025-05-07 18:08:23"}
{"level":"info","message":"Attempting to Start server on port 3000","timestamp":"2025-05-07 18:08:23"}
{"level":"info","message":"Client connected from Pool (Total count: 1","timestamp":"2025-05-07 18:08:23"}
{"level":"info","message":"Database connection pool established successfully","timestamp":"2025-05-07 18:08:23"}
{"level":"info","message":"Initializing database schema...","timestamp":"2025-05-07 18:08:23"}
{"level":"info","message":"Database schema initialized successfully","timestamp":"2025-05-07 18:08:23"}
{"level":"info","message":"Starting server on port 3000","timestamp":"2025-05-07 18:08:23"}
{"level":"info","message":"Starting server on port 3000","timestamp":"2025-05-07 18:08:23"}
{"level":"info","message":"Database is configured for: urlShortener","timestamp":"2025-05-07 18:08:33"}
{"level":"info","message":"Attempting to Start server on port 3000","timestamp":"2025-05-07 18:08:33"}
{"level":"info","message":"Client connected from Pool (Total count: 1","timestamp":"2025-05-07 18:08:33"}
{"level":"info","message":"Database connection pool established successfully","timestamp":"2025-05-07 18:08:33"}
{"level":"info","message":"Initializing database schema...","timestamp":"2025-05-07 18:08:33"}
{"level":"info","message":"Database schema initialized successfully","timestamp":"2025-05-07 18:08:33"}
{"level":"info","message":"Starting server on port 3000","timestamp":"2025-05-07 18:08:33"}
{"level":"info","message":"Starting server on port 3000","timestamp":"2025-05-07 18:08:33"}
{"level":"info","message":"Database is configured for: urlShortener","timestamp":"2025-05-07 18:08:35"}
{"level":"info","message":"Attempting to Start server on port 3000","timestamp":"2025-05-07 18:08:36"}
{"level":"info","message":"Client connected from Pool (Total count: 1","timestamp":"2025-05-07 18:08:36"}
{"level":"info","message":"Database connection pool established successfully","timestamp":"2025-05-07 18:08:36"}
{"level":"info","message":"Initializing database schema...","timestamp":"2025-05-07 18:08:36"}
{"level":"info","message":"Database schema initialized successfully","timestamp":"2025-05-07 18:08:36"}
{"level":"info","message":"Starting server on port 3000","timestamp":"2025-05-07 18:08:36"}
{"level":"info","message":"Starting server on port 3000","timestamp":"2025-05-07 18:08:36"}
{"level":"info","message":"Database is configured for: urlShortener","timestamp":"2025-05-07 18:08:41"}
{"level":"info","message":"Attempting to Start server on port 3000","timestamp":"2025-05-07 18:08:41"}
{"level":"info","message":"Client connected from Pool (Total count: 1","timestamp":"2025-05-07 18:08:41"}
{"level":"info","message":"Database connection pool established successfully","timestamp":"2025-05-07 18:08:41"}
{"level":"info","message":"Initializing database schema...","timestamp":"2025-05-07 18:08:41"}
{"level":"info","message":"Database schema initialized successfully","timestamp":"2025-05-07 18:08:41"}
{"level":"info","message":"Starting server on port 3000","timestamp":"2025-05-07 18:08:41"}
{"level":"info","message":"Starting server on port 3000","timestamp":"2025-05-07 18:08:41"}
{"level":"info","message":"Database is configured for: urlShortener","timestamp":"2025-05-07 18:08:44"}
{"level":"info","message":"Attempting to Start server on port 3000","timestamp":"2025-05-07 18:08:44"}
{"level":"info","message":"Client connected from Pool (Total count: 1","timestamp":"2025-05-07 18:08:45"}
{"level":"info","message":"Database connection pool established successfully","timestamp":"2025-05-07 18:08:45"}
{"level":"info","message":"Initializing database schema...","timestamp":"2025-05-07 18:08:45"}
{"level":"info","message":"Database schema initialized successfully","timestamp":"2025-05-07 18:08:45"}
{"level":"info","message":"Starting server on port 3000","timestamp":"2025-05-07 18:08:45"}
{"level":"info","message":"Starting server on port 3000","timestamp":"2025-05-07 18:08:45"}
{"level":"info","message":"Database is configured for: urlShortener","timestamp":"2025-05-07 18:08:46"}
{"level":"info","message":"Attempting to Start server on port 3000","timestamp":"2025-05-07 18:08:46"}
{"level":"info","message":"Client connected from Pool (Total count: 1","timestamp":"2025-05-07 18:08:46"}
{"level":"info","message":"Database connection pool established successfully","timestamp":"2025-05-07 18:08:46"}
{"level":"info","message":"Initializing database schema...","timestamp":"2025-05-07 18:08:46"}
{"level":"info","message":"Database schema initialized successfully","timestamp":"2025-05-07 18:08:46"}
{"level":"info","message":"Starting server on port 3000","timestamp":"2025-05-07 18:08:46"}
{"level":"info","message":"Starting server on port 3000","timestamp":"2025-05-07 18:08:46"}
{"level":"info","message":"Database is configured for: urlShortener","timestamp":"2025-05-07 18:08:52"}
{"level":"info","message":"Attempting to Start server on port 3000","timestamp":"2025-05-07 18:08:52"}
{"level":"info","message":"Client connected from Pool (Total count: 1","timestamp":"2025-05-07 18:08:52"}
{"level":"info","message":"Database connection pool established successfully","timestamp":"2025-05-07 18:08:52"}
{"level":"info","message":"Initializing database schema...","timestamp":"2025-05-07 18:08:52"}
{"level":"info","message":"Database schema initialized successfully","timestamp":"2025-05-07 18:08:52"}
{"level":"info","message":"Starting server on port 3000","timestamp":"2025-05-07 18:08:52"}
{"level":"info","message":"Starting server on port 3000","timestamp":"2025-05-07 18:08:52"}
{"level":"info","message":"Database is configured for: urlShortener","timestamp":"2025-05-07 18:08:55"}
{"level":"info","message":"Attempting to Start server on port 3000","timestamp":"2025-05-07 18:08:56"}
{"level":"info","message":"Client connected from Pool (Total count: 1","timestamp":"2025-05-07 18:08:56"}
{"level":"info","message":"Database connection pool established successfully","timestamp":"2025-05-07 18:08:56"}
{"level":"info","message":"Initializing database schema...","timestamp":"2025-05-07 18:08:56"}
{"level":"info","message":"Database schema initialized successfully","timestamp":"2025-05-07 18:08:56"}
{"level":"info","message":"Starting server on port 3000","timestamp":"2025-05-07 18:08:56"}
{"level":"info","message":"Starting server on port 3000","timestamp":"2025-05-07 18:08:56"}
{"level":"info","message":"Database is configured for: urlShortener","timestamp":"2025-05-07 18:09:01"}
{"level":"info","message":"Attempting to Start server on port 3000","timestamp":"2025-05-07 18:09:01"}
{"level":"info","message":"Client connected from Pool (Total count: 1","timestamp":"2025-05-07 18:09:01"}
{"level":"info","message":"Database connection pool established successfully","timestamp":"2025-05-07 18:09:01"}
{"level":"info","message":"Initializing database schema...","timestamp":"2025-05-07 18:09:01"}
{"level":"info","message":"Database schema initialized successfully","timestamp":"2025-05-07 18:09:01"}
{"level":"info","message":"Starting server on port 3000","timestamp":"2025-05-07 18:09:01"}
{"level":"info","message":"Starting server on port 3000","timestamp":"2025-05-07 18:09:01"}
{"level":"info","message":"Database is configured for: urlShortener","timestamp":"2025-05-07 18:09:05"}
{"level":"info","message":"Attempting to Start server on port 3000","timestamp":"2025-05-07 18:09:05"}
{"level":"info","message":"Client connected from Pool (Total count: 1","timestamp":"2025-05-07 18:09:05"}
{"level":"info","message":"Database connection pool established successfully","timestamp":"2025-05-07 18:09:05"}
{"level":"info","message":"Initializing database schema...","timestamp":"2025-05-07 18:09:05"}
{"level":"info","message":"Database schema initialized successfully","timestamp":"2025-05-07 18:09:05"}
{"level":"info","message":"Starting server on port 3000","timestamp":"2025-05-07 18:09:05"}
{"level":"info","message":"Starting server on port 3000","timestamp":"2025-05-07 18:09:05"}
{"level":"info","message":"Database is configured for: urlShortener","timestamp":"2025-05-07 18:22:28"}
{"level":"info","message":"Attempting to Start server on port 3000","timestamp":"2025-05-07 18:22:29"}
{"level":"info","message":"Client connected from Pool (Total count: 1","timestamp":"2025-05-07 18:22:29"}
{"level":"info","message":"Database connection pool established successfully","timestamp":"2025-05-07 18:22:29"}
{"level":"info","message":"Initializing database schema...","timestamp":"2025-05-07 18:22:29"}
{"level":"info","message":"Database schema initialized successfully","timestamp":"2025-05-07 18:22:29"}
{"level":"info","message":"Starting server on port 3000","timestamp":"2025-05-07 18:22:29"}
{"level":"info","message":"Starting server on port 3000","timestamp":"2025-05-07 18:22:29"}
{"level":"info","message":"Database is configured for: urlShortener","timestamp":"2025-05-07 18:22:30"}
{"level":"info","message":"Attempting to Start server on port 3000","timestamp":"2025-05-07 18:22:30"}
{"level":"info","message":"Client connected from Pool (Total count: 1","timestamp":"2025-05-07 18:22:30"}
{"level":"info","message":"Database connection pool established successfully","timestamp":"2025-05-07 18:22:30"}
{"level":"info","message":"Initializing database schema...","timestamp":"2025-05-07 18:22:30"}
{"level":"info","message":"Database schema initialized successfully","timestamp":"2025-05-07 18:22:30"}
{"level":"info","message":"Starting server on port 3000","timestamp":"2025-05-07 18:22:30"}
{"level":"info","message":"Starting server on port 3000","timestamp":"2025-05-07 18:22:30"}
{"level":"info","message":"Database is configured for: urlShortener","timestamp":"2025-05-07 18:22:31"}
{"level":"info","message":"Attempting to Start server on port 3000","timestamp":"2025-05-07 18:22:31"}
{"level":"info","message":"Client connected from Pool (Total count: 1","timestamp":"2025-05-07 18:22:31"}
{"level":"info","message":"Database connection pool established successfully","timestamp":"2025-05-07 18:22:31"}
{"level":"info","message":"Initializing database schema...","timestamp":"2025-05-07 18:22:31"}
{"level":"info","message":"Database schema initialized successfully","timestamp":"2025-05-07 18:22:31"}
{"level":"info","message":"Starting server on port 3000","timestamp":"2025-05-07 18:22:31"}
{"level":"info","message":"Starting server on port 3000","timestamp":"2025-05-07 18:22:31"}
{"level":"info","message":"Database is configured for: urlShortener","timestamp":"2025-05-07 18:22:34"}
{"level":"info","message":"Attempting to Start server on port 3000","timestamp":"2025-05-07 18:22:34"}
{"level":"info","message":"Client connected from Pool (Total count: 1","timestamp":"2025-05-07 18:22:34"}
{"level":"info","message":"Database connection pool established successfully","timestamp":"2025-05-07 18:22:34"}
{"level":"info","message":"Initializing database schema...","timestamp":"2025-05-07 18:22:34"}
{"level":"info","message":"Database schema initialized successfully","timestamp":"2025-05-07 18:22:34"}
{"level":"info","message":"Starting server on port 3000","timestamp":"2025-05-07 18:22:34"}
{"level":"info","message":"Starting server on port 3000","timestamp":"2025-05-07 18:22:34"}
{"level":"info","message":"Database is configured for: urlShortener","timestamp":"2025-05-07 18:22:37"}
{"level":"info","message":"Attempting to Start server on port 3000","timestamp":"2025-05-07 18:22:38"}
{"level":"info","message":"Client connected from Pool (Total count: 1","timestamp":"2025-05-07 18:22:38"}
{"level":"info","message":"Database connection pool established successfully","timestamp":"2025-05-07 18:22:38"}
{"level":"info","message":"Initializing database schema...","timestamp":"2025-05-07 18:22:38"}
{"level":"info","message":"Database schema initialized successfully","timestamp":"2025-05-07 18:22:38"}
{"level":"info","message":"Starting server on port 3000","timestamp":"2025-05-07 18:22:38"}
{"level":"info","message":"Starting server on port 3000","timestamp":"2025-05-07 18:22:38"}
{"level":"info","message":"Database is configured for: urlShortener","timestamp":"2025-05-07 18:22:43"}
{"level":"info","message":"Attempting to Start server on port 3000","timestamp":"2025-05-07 18:22:43"}
{"level":"info","message":"Client connected from Pool (Total count: 1","timestamp":"2025-05-07 18:22:43"}
{"level":"info","message":"Database connection pool established successfully","timestamp":"2025-05-07 18:22:43"}
{"level":"info","message":"Initializing database schema...","timestamp":"2025-05-07 18:22:43"}
{"level":"info","message":"Database schema initialized successfully","timestamp":"2025-05-07 18:22:43"}
{"level":"info","message":"Starting server on port 3000","timestamp":"2025-05-07 18:22:43"}
{"level":"info","message":"Starting server on port 3000","timestamp":"2025-05-07 18:22:43"}
{"level":"info","message":"Database is configured for: urlShortener","timestamp":"2025-05-07 18:22:46"}
{"level":"info","message":"Attempting to Start server on port 3000","timestamp":"2025-05-07 18:22:47"}
{"level":"info","message":"Client connected from Pool (Total count: 1","timestamp":"2025-05-07 18:22:47"}
{"level":"info","message":"Database connection pool established successfully","timestamp":"2025-05-07 18:22:47"}
{"level":"info","message":"Initializing database schema...","timestamp":"2025-05-07 18:22:47"}
{"level":"info","message":"Database schema initialized successfully","timestamp":"2025-05-07 18:22:47"}
{"level":"info","message":"Starting server on port 3000","timestamp":"2025-05-07 18:22:47"}
{"level":"info","message":"Starting server on port 3000","timestamp":"2025-05-07 18:22:47"}
{"level":"info","message":"Database is configured for: urlShortener","timestamp":"2025-05-07 18:22:49"}
{"level":"info","message":"Attempting to Start server on port 3000","timestamp":"2025-05-07 18:22:49"}
{"level":"info","message":"Client connected from Pool (Total count: 1","timestamp":"2025-05-07 18:22:49"}
{"level":"info","message":"Database connection pool established successfully","timestamp":"2025-05-07 18:22:49"}
{"level":"info","message":"Initializing database schema...","timestamp":"2025-05-07 18:22:49"}
{"level":"info","message":"Database schema initialized successfully","timestamp":"2025-05-07 18:22:50"}
{"level":"info","message":"Starting server on port 3000","timestamp":"2025-05-07 18:22:50"}
{"level":"info","message":"Starting server on port 3000","timestamp":"2025-05-07 18:22:50"}
{"level":"info","message":"Database is configured for: urlShortener","timestamp":"2025-05-07 18:22:50"}
{"level":"info","message":"Attempting to Start server on port 3000","timestamp":"2025-05-07 18:22:50"}
{"level":"info","message":"Client connected from Pool (Total count: 1","timestamp":"2025-05-07 18:22:50"}
{"level":"info","message":"Database connection pool established successfully","timestamp":"2025-05-07 18:22:50"}
{"level":"info","message":"Initializing database schema...","timestamp":"2025-05-07 18:22:50"}
{"level":"info","message":"Database schema initialized successfully","timestamp":"2025-05-07 18:22:50"}
{"level":"info","message":"Starting server on port 3000","timestamp":"2025-05-07 18:22:50"}
{"level":"info","message":"Starting server on port 3000","timestamp":"2025-05-07 18:22:50"}
{"level":"info","message":"Database is configured for: urlShortener","timestamp":"2025-05-07 18:22:52"}
{"level":"info","message":"Attempting to Start server on port 3000","timestamp":"2025-05-07 18:22:52"}
{"level":"info","message":"Client connected from Pool (Total count: 1","timestamp":"2025-05-07 18:22:52"}
{"level":"info","message":"Database connection pool established successfully","timestamp":"2025-05-07 18:22:52"}
{"level":"info","message":"Initializing database schema...","timestamp":"2025-05-07 18:22:52"}
{"level":"info","message":"Database schema initialized successfully","timestamp":"2025-05-07 18:22:53"}
{"level":"info","message":"Starting server on port 3000","timestamp":"2025-05-07 18:22:53"}
{"level":"info","message":"Starting server on port 3000","timestamp":"2025-05-07 18:22:53"}
{"level":"info","message":"Database is configured for: urlShortener","timestamp":"2025-05-07 18:22:58"}
{"level":"info","message":"Attempting to Start server on port 3000","timestamp":"2025-05-07 18:22:58"}
{"level":"info","message":"Client connected from Pool (Total count: 1","timestamp":"2025-05-07 18:22:58"}
{"level":"info","message":"Database connection pool established successfully","timestamp":"2025-05-07 18:22:58"}
{"level":"info","message":"Initializing database schema...","timestamp":"2025-05-07 18:22:58"}
{"level":"info","message":"Database schema initialized successfully","timestamp":"2025-05-07 18:22:58"}
{"level":"info","message":"Starting server on port 3000","timestamp":"2025-05-07 18:22:58"}
{"level":"info","message":"Starting server on port 3000","timestamp":"2025-05-07 18:22:58"}
{"level":"info","message":"Database is configured for: urlShortener","timestamp":"2025-05-07 18:22:59"}
{"level":"info","message":"Attempting to Start server on port 3000","timestamp":"2025-05-07 18:22:59"}
{"level":"info","message":"Client connected from Pool (Total count: 1","timestamp":"2025-05-07 18:22:59"}
{"level":"info","message":"Database connection pool established successfully","timestamp":"2025-05-07 18:22:59"}
{"level":"info","message":"Initializing database schema...","timestamp":"2025-05-07 18:22:59"}
{"level":"info","message":"Database schema initialized successfully","timestamp":"2025-05-07 18:22:59"}
{"level":"info","message":"Starting server on port 3000","timestamp":"2025-05-07 18:22:59"}
{"level":"info","message":"Starting server on port 3000","timestamp":"2025-05-07 18:22:59"}
{"level":"info","message":"Database is configured for: urlShortener","timestamp":"2025-05-07 18:23:03"}
{"level":"info","message":"Attempting to Start server on port 3000","timestamp":"2025-05-07 18:23:03"}
{"level":"info","message":"Client connected from Pool (Total count: 1","timestamp":"2025-05-07 18:23:03"}
{"level":"info","message":"Database connection pool established successfully","timestamp":"2025-05-07 18:23:03"}
{"level":"info","message":"Initializing database schema...","timestamp":"2025-05-07 18:23:03"}
{"level":"info","message":"Database schema initialized successfully","timestamp":"2025-05-07 18:23:03"}
{"level":"info","message":"Starting server on port 3000","timestamp":"2025-05-07 18:23:03"}
{"level":"info","message":"Starting server on port 3000","timestamp":"2025-05-07 18:23:03"}
{"level":"info","message":"Database is configured for: urlShortener","timestamp":"2025-05-07 18:23:05"}
{"level":"info","message":"Attempting to Start server on port 3000","timestamp":"2025-05-07 18:23:05"}
{"level":"info","message":"Client connected from Pool (Total count: 1","timestamp":"2025-05-07 18:23:05"}
{"level":"info","message":"Database connection pool established successfully","timestamp":"2025-05-07 18:23:05"}
{"level":"info","message":"Initializing database schema...","timestamp":"2025-05-07 18:23:05"}
{"level":"info","message":"Database schema initialized successfully","timestamp":"2025-05-07 18:23:05"}
{"level":"info","message":"Starting server on port 3000","timestamp":"2025-05-07 18:23:05"}
{"level":"info","message":"Starting server on port 3000","timestamp":"2025-05-07 18:23:05"}
{"level":"info","message":"Database is configured for: urlShortener","timestamp":"2025-05-07 18:23:07"}
{"level":"info","message":"Attempting to Start server on port 3000","timestamp":"2025-05-07 18:23:07"}
{"level":"info","message":"Client connected from Pool (Total count: 1","timestamp":"2025-05-07 18:23:08"}
{"level":"info","message":"Database connection pool established successfully","timestamp":"2025-05-07 18:23:08"}
{"level":"info","message":"Initializing database schema...","timestamp":"2025-05-07 18:23:08"}
{"level":"info","message":"Database schema initialized successfully","timestamp":"2025-05-07 18:23:08"}
{"level":"info","message":"Starting server on port 3000","timestamp":"2025-05-07 18:23:08"}
{"level":"info","message":"Starting server on port 3000","timestamp":"2025-05-07 18:23:08"}
{"level":"info","message":"Database is configured for: urlShortener","timestamp":"2025-05-07 18:23:15"}
{"level":"info","message":"Attempting to Start server on port 3000","timestamp":"2025-05-07 18:23:15"}
{"level":"info","message":"Client connected from Pool (Total count: 1","timestamp":"2025-05-07 18:23:15"}
{"level":"info","message":"Database connection pool established successfully","timestamp":"2025-05-07 18:23:15"}
{"level":"info","message":"Initializing database schema...","timestamp":"2025-05-07 18:23:15"}
{"level":"info","message":"Database schema initialized successfully","timestamp":"2025-05-07 18:23:15"}
{"level":"info","message":"Starting server on port 3000","timestamp":"2025-05-07 18:23:15"}
{"level":"info","message":"Starting server on port 3000","timestamp":"2025-05-07 18:23:15"}
{"level":"info","message":"Database is configured for: urlShortener","timestamp":"2025-05-07 18:23:21"}
{"level":"info","message":"Attempting to Start server on port 3000","timestamp":"2025-05-07 18:23:21"}
{"level":"info","message":"Client connected from Pool (Total count: 1","timestamp":"2025-05-07 18:23:21"}
{"level":"info","message":"Database connection pool established successfully","timestamp":"2025-05-07 18:23:21"}
{"level":"info","message":"Initializing database schema...","timestamp":"2025-05-07 18:23:21"}
{"level":"info","message":"Database schema initialized successfully","timestamp":"2025-05-07 18:23:21"}
{"level":"info","message":"Starting server on port 3000","timestamp":"2025-05-07 18:23:21"}
{"level":"info","message":"Starting server on port 3000","timestamp":"2025-05-07 18:23:21"}
{"level":"info","message":"Database is configured for: urlShortener","timestamp":"2025-05-07 18:23:22"}
{"level":"info","message":"Attempting to Start server on port 3000","timestamp":"2025-05-07 18:23:22"}
{"level":"info","message":"Client connected from Pool (Total count: 1","timestamp":"2025-05-07 18:23:22"}
{"level":"info","message":"Database connection pool established successfully","timestamp":"2025-05-07 18:23:22"}
{"level":"info","message":"Initializing database schema...","timestamp":"2025-05-07 18:23:22"}
{"level":"info","message":"Database schema initialized successfully","timestamp":"2025-05-07 18:23:23"}
{"level":"info","message":"Starting server on port 3000","timestamp":"2025-05-07 18:23:23"}
{"level":"info","message":"Starting server on port 3000","timestamp":"2025-05-07 18:23:23"}
{"level":"info","message":"Database is configured for: urlShortener","timestamp":"2025-05-07 18:23:25"}
{"level":"info","message":"Attempting to Start server on port 3000","timestamp":"2025-05-07 18:23:25"}
{"level":"info","message":"Client connected from Pool (Total count: 1","timestamp":"2025-05-07 18:23:25"}
{"level":"info","message":"Database connection pool established successfully","timestamp":"2025-05-07 18:23:25"}
{"level":"info","message":"Initializing database schema...","timestamp":"2025-05-07 18:23:25"}
{"level":"info","message":"Database schema initialized successfully","timestamp":"2025-05-07 18:23:25"}
{"level":"info","message":"Starting server on port 3000","timestamp":"2025-05-07 18:23:25"}
{"level":"info","message":"Starting server on port 3000","timestamp":"2025-05-07 18:23:25"}
{"level":"info","message":"Database is configured for: urlShortener","timestamp":"2025-05-07 18:23:32"}
{"level":"info","message":"Attempting to Start server on port 3000","timestamp":"2025-05-07 18:23:32"}
{"level":"info","message":"Client connected from Pool (Total count: 1","timestamp":"2025-05-07 18:23:32"}
{"level":"info","message":"Database connection pool established successfully","timestamp":"2025-05-07 18:23:32"}
{"level":"info","message":"Initializing database schema...","timestamp":"2025-05-07 18:23:32"}
{"level":"info","message":"Database schema initialized successfully","timestamp":"2025-05-07 18:23:32"}
{"level":"info","message":"Starting server on port 3000","timestamp":"2025-05-07 18:23:32"}
{"level":"info","message":"Starting server on port 3000","timestamp":"2025-05-07 18:23:32"}
{"level":"info","message":"Database is configured for: urlShortener","timestamp":"2025-05-07 18:23:34"}
{"level":"info","message":"Attempting to Start server on port 3000","timestamp":"2025-05-07 18:23:34"}
{"level":"info","message":"Client connected from Pool (Total count: 1","timestamp":"2025-05-07 18:23:35"}
{"level":"info","message":"Database connection pool established successfully","timestamp":"2025-05-07 18:23:35"}
{"level":"info","message":"Initializing database schema...","timestamp":"2025-05-07 18:23:35"}
{"level":"info","message":"Database schema initialized successfully","timestamp":"2025-05-07 18:23:35"}
{"level":"info","message":"Starting server on port 3000","timestamp":"2025-05-07 18:23:35"}
{"level":"info","message":"Starting server on port 3000","timestamp":"2025-05-07 18:23:35"}
{"level":"info","message":"Database is configured for: urlShortener","timestamp":"2025-05-07 18:23:37"}
{"level":"info","message":"Attempting to Start server on port 3000","timestamp":"2025-05-07 18:23:37"}
{"level":"info","message":"Client connected from Pool (Total count: 1","timestamp":"2025-05-07 18:23:37"}
{"level":"info","message":"Database connection pool established successfully","timestamp":"2025-05-07 18:23:37"}
{"level":"info","message":"Initializing database schema...","timestamp":"2025-05-07 18:23:37"}
{"level":"info","message":"Database schema initialized successfully","timestamp":"2025-05-07 18:23:37"}
{"level":"info","message":"Starting server on port 3000","timestamp":"2025-05-07 18:23:37"}
{"level":"info","message":"Starting server on port 3000","timestamp":"2025-05-07 18:23:37"}
{"level":"info","message":"Database is configured for: urlShortener","timestamp":"2025-05-07 18:23:38"}
{"level":"info","message":"Attempting to Start server on port 3000","timestamp":"2025-05-07 18:23:38"}
{"level":"info","message":"Client connected from Pool (Total count: 1","timestamp":"2025-05-07 18:23:38"}
{"level":"info","message":"Database connection pool established successfully","timestamp":"2025-05-07 18:23:38"}
{"level":"info","message":"Initializing database schema...","timestamp":"2025-05-07 18:23:38"}
{"level":"info","message":"Database schema initialized successfully","timestamp":"2025-05-07 18:23:38"}
{"level":"info","message":"Starting server on port 3000","timestamp":"2025-05-07 18:23:38"}
{"level":"info","message":"Starting server on port 3000","timestamp":"2025-05-07 18:23:38"}
{"level":"info","message":"Database is configured for: urlShortener","timestamp":"2025-05-07 18:24:05"}
{"level":"info","message":"Attempting to Start server on port 3000","timestamp":"2025-05-07 18:24:05"}
{"level":"info","message":"Client connected from Pool (Total count: 1","timestamp":"2025-05-07 18:24:05"}
{"level":"info","message":"Database connection pool established successfully","timestamp":"2025-05-07 18:24:05"}
{"level":"info","message":"Initializing database schema...","timestamp":"2025-05-07 18:24:05"}
{"level":"info","message":"Database schema initialized successfully","timestamp":"2025-05-07 18:24:05"}
{"level":"info","message":"Starting server on port 3000","timestamp":"2025-05-07 18:24:05"}
{"level":"info","message":"Starting server on port 3000","timestamp":"2025-05-07 18:24:05"}
{"level":"info","message":"Database is configured for: urlShortener","timestamp":"2025-05-07 18:24:06"}
{"level":"info","message":"Attempting to Start server on port 3000","timestamp":"2025-05-07 18:24:06"}
{"level":"info","message":"Client connected from Pool (Total count: 1","timestamp":"2025-05-07 18:24:06"}
{"level":"info","message":"Database connection pool established successfully","timestamp":"2025-05-07 18:24:06"}
{"level":"info","message":"Initializing database schema...","timestamp":"2025-05-07 18:24:06"}
{"level":"info","message":"Database schema initialized successfully","timestamp":"2025-05-07 18:24:06"}
{"level":"info","message":"Starting server on port 3000","timestamp":"2025-05-07 18:24:06"}
{"level":"info","message":"Starting server on port 3000","timestamp":"2025-05-07 18:24:06"}
{"level":"info","message":"Database is configured for: urlShortener","timestamp":"2025-05-07 18:24:11"}
{"level":"info","message":"Attempting to Start server on port 3000","timestamp":"2025-05-07 18:24:11"}
{"level":"info","message":"Client connected from Pool (Total count: 1","timestamp":"2025-05-07 18:24:11"}
{"level":"info","message":"Database connection pool established successfully","timestamp":"2025-05-07 18:24:11"}
{"level":"info","message":"Initializing database schema...","timestamp":"2025-05-07 18:24:11"}
{"level":"info","message":"Database schema initialized successfully","timestamp":"2025-05-07 18:24:12"}
{"level":"info","message":"Starting server on port 3000","timestamp":"2025-05-07 18:24:12"}
{"level":"info","message":"Starting server on port 3000","timestamp":"2025-05-07 18:24:12"}
{"level":"info","message":"Database is configured for: urlShortener","timestamp":"2025-05-07 18:24:32"}
{"level":"info","message":"Attempting to Start server on port 3000","timestamp":"2025-05-07 18:24:32"}
{"level":"info","message":"Client connected from Pool (Total count: 1","timestamp":"2025-05-07 18:24:32"}
{"level":"info","message":"Database connection pool established successfully","timestamp":"2025-05-07 18:24:32"}
{"level":"info","message":"Initializing database schema...","timestamp":"2025-05-07 18:24:32"}
{"level":"info","message":"Database schema initialized successfully","timestamp":"2025-05-07 18:24:32"}
{"level":"info","message":"Starting server on port 3000","timestamp":"2025-05-07 18:24:32"}
{"level":"info","message":"Starting server on port 3000","timestamp":"2025-05-07 18:24:32"}
{"level":"info","message":"Database is configured for: urlShortener","timestamp":"2025-05-07 18:24:35"}
{"level":"info","message":"Attempting to Start server on port 3000","timestamp":"2025-05-07 18:24:35"}
{"level":"info","message":"Client connected from Pool (Total count: 1","timestamp":"2025-05-07 18:24:35"}
{"level":"info","message":"Database connection pool established successfully","timestamp":"2025-05-07 18:24:35"}
{"level":"info","message":"Initializing database schema...","timestamp":"2025-05-07 18:24:35"}
{"level":"info","message":"Database schema initialized successfully","timestamp":"2025-05-07 18:24:35"}
{"level":"info","message":"Starting server on port 3000","timestamp":"2025-05-07 18:24:35"}
{"level":"info","message":"Starting server on port 3000","timestamp":"2025-05-07 18:24:35"}
{"level":"info","message":"Database is configured for: urlShortener","timestamp":"2025-05-07 18:24:39"}
{"level":"info","message":"Attempting to Start server on port 3000","timestamp":"2025-05-07 18:24:39"}
{"level":"info","message":"Client connected from Pool (Total count: 1","timestamp":"2025-05-07 18:24:39"}
{"level":"info","message":"Database connection pool established successfully","timestamp":"2025-05-07 18:24:39"}
{"level":"info","message":"Initializing database schema...","timestamp":"2025-05-07 18:24:39"}
{"level":"info","message":"Database schema initialized successfully","timestamp":"2025-05-07 18:24:39"}
{"level":"info","message":"Starting server on port 3000","timestamp":"2025-05-07 18:24:39"}
{"level":"info","message":"Starting server on port 3000","timestamp":"2025-05-07 18:24:39"}
{"level":"info","message":"Database is configured for: urlShortener","timestamp":"2025-05-07 18:24:43"}
{"level":"info","message":"Attempting to Start server on port 3000","timestamp":"2025-05-07 18:24:43"}
{"level":"info","message":"Client connected from Pool (Total count: 1","timestamp":"2025-05-07 18:24:43"}
{"level":"info","message":"Database connection pool established successfully","timestamp":"2025-05-07 18:24:43"}
{"level":"info","message":"Initializing database schema...","timestamp":"2025-05-07 18:24:43"}
{"level":"info","message":"Database schema initialized successfully","timestamp":"2025-05-07 18:24:43"}
{"level":"info","message":"Starting server on port 3000","timestamp":"2025-05-07 18:24:43"}
{"level":"info","message":"Starting server on port 3000","timestamp":"2025-05-07 18:24:43"}
{"level":"info","message":"Database is configured for: urlShortener","timestamp":"2025-05-07 18:25:02"}
{"level":"info","message":"Attempting to Start server on port 3000","timestamp":"2025-05-07 18:25:02"}
{"level":"info","message":"Client connected from Pool (Total count: 1","timestamp":"2025-05-07 18:25:02"}
{"level":"info","message":"Database connection pool established successfully","timestamp":"2025-05-07 18:25:02"}
{"level":"info","message":"Initializing database schema...","timestamp":"2025-05-07 18:25:02"}
{"level":"info","message":"Database schema initialized successfully","timestamp":"2025-05-07 18:25:02"}
{"level":"info","message":"Starting server on port 3000","timestamp":"2025-05-07 18:25:02"}
{"level":"info","message":"Starting server on port 3000","timestamp":"2025-05-07 18:25:02"}
{"level":"info","message":"Database is configured for: urlShortener","timestamp":"2025-05-07 18:25:06"}
{"level":"info","message":"Attempting to Start server on port 3000","timestamp":"2025-05-07 18:25:06"}
{"level":"info","message":"Client connected from Pool (Total count: 1","timestamp":"2025-05-07 18:25:06"}
{"level":"info","message":"Database connection pool established successfully","timestamp":"2025-05-07 18:25:06"}
{"level":"info","message":"Initializing database schema...","timestamp":"2025-05-07 18:25:06"}
{"level":"info","message":"Database schema initialized successfully","timestamp":"2025-05-07 18:25:06"}
{"level":"info","message":"Starting server on port 3000","timestamp":"2025-05-07 18:25:06"}
{"level":"info","message":"Starting server on port 3000","timestamp":"2025-05-07 18:25:06"}
{"level":"info","message":"Database is configured for: urlShortener","timestamp":"2025-05-07 18:25:10"}
{"level":"info","message":"Attempting to Start server on port 3000","timestamp":"2025-05-07 18:25:11"}
{"level":"info","message":"Client connected from Pool (Total count: 1","timestamp":"2025-05-07 18:25:11"}
{"level":"info","message":"Database connection pool established successfully","timestamp":"2025-05-07 18:25:11"}
{"level":"info","message":"Initializing database schema...","timestamp":"2025-05-07 18:25:11"}
{"level":"info","message":"Database schema initialized successfully","timestamp":"2025-05-07 18:25:11"}
{"level":"info","message":"Starting server on port 3000","timestamp":"2025-05-07 18:25:11"}
{"level":"info","message":"Starting server on port 3000","timestamp":"2025-05-07 18:25:11"}
{"level":"info","message":"Database is configured for: urlShortener","timestamp":"2025-05-07 18:25:14"}
{"level":"info","message":"Attempting to Start server on port 3000","timestamp":"2025-05-07 18:25:14"}
{"level":"info","message":"Client connected from Pool (Total count: 1","timestamp":"2025-05-07 18:25:14"}
{"level":"info","message":"Database connection pool established successfully","timestamp":"2025-05-07 18:25:14"}
{"level":"info","message":"Initializing database schema...","timestamp":"2025-05-07 18:25:14"}
{"level":"info","message":"Database schema initialized successfully","timestamp":"2025-05-07 18:25:14"}
{"level":"info","message":"Starting server on port 3000","timestamp":"2025-05-07 18:25:14"}
{"level":"info","message":"Starting server on port 3000","timestamp":"2025-05-07 18:25:14"}
{"level":"info","message":"Database is configured for: urlShortener","timestamp":"2025-05-07 18:25:17"}
{"level":"info","message":"Attempting to Start server on port 3000","timestamp":"2025-05-07 18:25:17"}
{"level":"info","message":"Client connected from Pool (Total count: 1","timestamp":"2025-05-07 18:25:17"}
{"level":"info","message":"Database connection pool established successfully","timestamp":"2025-05-07 18:25:17"}
{"level":"info","message":"Initializing database schema...","timestamp":"2025-05-07 18:25:17"}
{"level":"info","message":"Database schema initialized successfully","timestamp":"2025-05-07 18:25:17"}
{"level":"info","message":"Starting server on port 3000","timestamp":"2025-05-07 18:25:17"}
{"level":"info","message":"Starting server on port 3000","timestamp":"2025-05-07 18:25:17"}
{"level":"info","message":"Database is configured for: urlShortener","timestamp":"2025-05-07 18:25:19"}
{"level":"info","message":"Attempting to Start server on port 3000","timestamp":"2025-05-07 18:25:19"}
{"level":"info","message":"Client connected from Pool (Total count: 1","timestamp":"2025-05-07 18:25:19"}
{"level":"info","message":"Database connection pool established successfully","timestamp":"2025-05-07 18:25:19"}
{"level":"info","message":"Initializing database schema...","timestamp":"2025-05-07 18:25:19"}
{"level":"info","message":"Database schema initialized successfully","timestamp":"2025-05-07 18:25:19"}
{"level":"info","message":"Starting server on port 3000","timestamp":"2025-05-07 18:25:19"}
{"level":"info","message":"Starting server on port 3000","timestamp":"2025-05-07 18:25:19"}
{"level":"info","message":"Database is configured for: urlShortener","timestamp":"2025-05-07 18:25:20"}
{"level":"info","message":"Attempting to Start server on port 3000","timestamp":"2025-05-07 18:25:20"}
{"level":"info","message":"Client connected from Pool (Total count: 1","timestamp":"2025-05-07 18:25:20"}
{"level":"info","message":"Database connection pool established successfully","timestamp":"2025-05-07 18:25:20"}
{"level":"info","message":"Initializing database schema...","timestamp":"2025-05-07 18:25:20"}
{"level":"info","message":"Database schema initialized successfully","timestamp":"2025-05-07 18:25:20"}
{"level":"info","message":"Starting server on port 3000","timestamp":"2025-05-07 18:25:20"}
{"level":"info","message":"Starting server on port 3000","timestamp":"2025-05-07 18:25:20"}
{"level":"info","message":"Database is configured for: urlShortener","timestamp":"2025-05-07 18:25:21"}
{"level":"info","message":"Attempting to Start server on port 3000","timestamp":"2025-05-07 18:25:21"}
{"level":"info","message":"Client connected from Pool (Total count: 1","timestamp":"2025-05-07 18:25:22"}
{"level":"info","message":"Database connection pool established successfully","timestamp":"2025-05-07 18:25:22"}
{"level":"info","message":"Initializing database schema...","timestamp":"2025-05-07 18:25:22"}
{"level":"info","message":"Database schema initialized successfully","timestamp":"2025-05-07 18:25:22"}
{"level":"info","message":"Starting server on port 3000","timestamp":"2025-05-07 18:25:22"}
{"level":"info","message":"Starting server on port 3000","timestamp":"2025-05-07 18:25:22"}
{"level":"info","message":"Database is configured for: urlShortener","timestamp":"2025-05-07 18:25:26"}
{"level":"info","message":"Attempting to Start server on port 3000","timestamp":"2025-05-07 18:25:26"}
{"level":"info","message":"Client connected from Pool (Total count: 1","timestamp":"2025-05-07 18:25:26"}
{"level":"info","message":"Database connection pool established successfully","timestamp":"2025-05-07 18:25:26"}
{"level":"info","message":"Initializing database schema...","timestamp":"2025-05-07 18:25:26"}
{"level":"info","message":"Database schema initialized successfully","timestamp":"2025-05-07 18:25:26"}
{"level":"info","message":"Starting server on port 3000","timestamp":"2025-05-07 18:25:26"}
{"level":"info","message":"Starting server on port 3000","timestamp":"2025-05-07 18:25:26"}
{"level":"info","message":"Database is configured for: urlShortener","timestamp":"2025-05-07 18:25:27"}
{"level":"info","message":"Attempting to Start server on port 3000","timestamp":"2025-05-07 18:25:27"}
{"level":"info","message":"Client connected from Pool (Total count: 1","timestamp":"2025-05-07 18:25:27"}
{"level":"info","message":"Database connection pool established successfully","timestamp":"2025-05-07 18:25:27"}
{"level":"info","message":"Initializing database schema...","timestamp":"2025-05-07 18:25:27"}
{"level":"info","message":"Database schema initialized successfully","timestamp":"2025-05-07 18:25:27"}
{"level":"info","message":"Starting server on port 3000","timestamp":"2025-05-07 18:25:27"}
{"level":"info","message":"Starting server on port 3000","timestamp":"2025-05-07 18:25:27"}
{"level":"info","message":"Database is configured for: urlShortener","timestamp":"2025-05-07 18:25:31"}
{"level":"info","message":"Attempting to Start server on port 3000","timestamp":"2025-05-07 18:25:31"}
{"level":"info","message":"Client connected from Pool (Total count: 1","timestamp":"2025-05-07 18:25:32"}
{"level":"info","message":"Database connection pool established successfully","timestamp":"2025-05-07 18:25:32"}
{"level":"info","message":"Initializing database schema...","timestamp":"2025-05-07 18:25:32"}
{"level":"info","message":"Database schema initialized successfully","timestamp":"2025-05-07 18:25:32"}
{"level":"info","message":"Starting server on port 3000","timestamp":"2025-05-07 18:25:32"}
{"level":"info","message":"Starting server on port 3000","timestamp":"2025-05-07 18:25:32"}
{"level":"info","message":"Database is configured for: urlShortener","timestamp":"2025-05-07 18:25:34"}
{"level":"info","message":"Attempting to Start server on port 3000","timestamp":"2025-05-07 18:25:34"}
{"level":"info","message":"Client connected from Pool (Total count: 1","timestamp":"2025-05-07 18:25:34"}
{"level":"info","message":"Database connection pool established successfully","timestamp":"2025-05-07 18:25:34"}
{"level":"info","message":"Initializing database schema...","timestamp":"2025-05-07 18:25:34"}
{"level":"info","message":"Database schema initialized successfully","timestamp":"2025-05-07 18:25:34"}
{"level":"info","message":"Starting server on port 3000","timestamp":"2025-05-07 18:25:34"}
{"level":"info","message":"Starting server on port 3000","timestamp":"2025-05-07 18:25:34"}
{"level":"info","message":"Database is configured for: urlShortener","timestamp":"2025-05-07 18:25:37"}
{"level":"info","message":"Attempting to Start server on port 3000","timestamp":"2025-05-07 18:25:37"}
{"level":"info","message":"Client connected from Pool (Total count: 1","timestamp":"2025-05-07 18:25:37"}
{"level":"info","message":"Database connection pool established successfully","timestamp":"2025-05-07 18:25:37"}
{"level":"info","message":"Initializing database schema...","timestamp":"2025-05-07 18:25:37"}
{"level":"info","message":"Database schema initialized successfully","timestamp":"2025-05-07 18:25:37"}
{"level":"info","message":"Starting server on port 3000","timestamp":"2025-05-07 18:25:37"}
{"level":"info","message":"Starting server on port 3000","timestamp":"2025-05-07 18:25:37"}
{"level":"info","message":"Database is configured for: urlShortener","timestamp":"2025-05-07 18:25:41"}
{"level":"info","message":"Attempting to Start server on port 3000","timestamp":"2025-05-07 18:25:41"}
{"level":"info","message":"Client connected from Pool (Total count: 1","timestamp":"2025-05-07 18:25:41"}
{"level":"info","message":"Database connection pool established successfully","timestamp":"2025-05-07 18:25:41"}
{"level":"info","message":"Initializing database schema...","timestamp":"2025-05-07 18:25:41"}
{"level":"info","message":"Database schema initialized successfully","timestamp":"2025-05-07 18:25:41"}
{"level":"info","message":"Starting server on port 3000","timestamp":"2025-05-07 18:25:41"}
{"level":"info","message":"Starting server on port 3000","timestamp":"2025-05-07 18:25:41"}
{"level":"info","message":"Database is configured for: urlShortener","timestamp":"2025-05-07 18:25:44"}
{"level":"info","message":"Attempting to Start server on port 3000","timestamp":"2025-05-07 18:25:44"}
{"level":"info","message":"Client connected from Pool (Total count: 1","timestamp":"2025-05-07 18:25:44"}
{"level":"info","message":"Database connection pool established successfully","timestamp":"2025-05-07 18:25:44"}
{"level":"info","message":"Initializing database schema...","timestamp":"2025-05-07 18:25:44"}
{"level":"info","message":"Database schema initialized successfully","timestamp":"2025-05-07 18:25:44"}
{"level":"info","message":"Starting server on port 3000","timestamp":"2025-05-07 18:25:44"}
{"level":"info","message":"Starting server on port 3000","timestamp":"2025-05-07 18:25:44"}
{"level":"info","message":"Database is configured for: urlShortener","timestamp":"2025-05-07 18:25:50"}
{"level":"info","message":"Attempting to Start server on port 3000","timestamp":"2025-05-07 18:25:50"}
{"level":"info","message":"Client connected from Pool (Total count: 1","timestamp":"2025-05-07 18:25:50"}
{"level":"info","message":"Database connection pool established successfully","timestamp":"2025-05-07 18:25:50"}
{"level":"info","message":"Initializing database schema...","timestamp":"2025-05-07 18:25:50"}
{"level":"info","message":"Database schema initialized successfully","timestamp":"2025-05-07 18:25:50"}
{"level":"info","message":"Starting server on port 3000","timestamp":"2025-05-07 18:25:50"}
{"level":"info","message":"Starting server on port 3000","timestamp":"2025-05-07 18:25:50"}
{"level":"info","message":"Database is configured for: urlShortener","timestamp":"2025-05-07 18:25:57"}
{"level":"info","message":"Attempting to Start server on port 3000","timestamp":"2025-05-07 18:25:57"}
{"level":"info","message":"Client connected from Pool (Total count: 1","timestamp":"2025-05-07 18:25:57"}
{"level":"info","message":"Database connection pool established successfully","timestamp":"2025-05-07 18:25:57"}
{"level":"info","message":"Initializing database schema...","timestamp":"2025-05-07 18:25:57"}
{"level":"info","message":"Database schema initialized successfully","timestamp":"2025-05-07 18:25:57"}
{"level":"info","message":"Starting server on port 3000","timestamp":"2025-05-07 18:25:57"}
{"level":"info","message":"Starting server on port 3000","timestamp":"2025-05-07 18:25:57"}
{"level":"info","message":"Database is configured for: urlShortener","timestamp":"2025-05-07 18:25:59"}
{"level":"info","message":"Attempting to Start server on port 3000","timestamp":"2025-05-07 18:25:59"}
{"level":"info","message":"Client connected from Pool (Total count: 1","timestamp":"2025-05-07 18:25:59"}
{"level":"info","message":"Database connection pool established successfully","timestamp":"2025-05-07 18:25:59"}
{"level":"info","message":"Initializing database schema...","timestamp":"2025-05-07 18:25:59"}
{"level":"info","message":"Database schema initialized successfully","timestamp":"2025-05-07 18:25:59"}
{"level":"info","message":"Starting server on port 3000","timestamp":"2025-05-07 18:25:59"}
{"level":"info","message":"Starting server on port 3000","timestamp":"2025-05-07 18:25:59"}
{"level":"info","message":"Database is configured for: urlShortener","timestamp":"2025-05-07 18:26:01"}
{"level":"info","message":"Attempting to Start server on port 3000","timestamp":"2025-05-07 18:26:02"}
{"level":"info","message":"Client connected from Pool (Total count: 1","timestamp":"2025-05-07 18:26:02"}
{"level":"info","message":"Database connection pool established successfully","timestamp":"2025-05-07 18:26:02"}
{"level":"info","message":"Initializing database schema...","timestamp":"2025-05-07 18:26:02"}
{"level":"info","message":"Database schema initialized successfully","timestamp":"2025-05-07 18:26:02"}
{"level":"info","message":"Starting server on port 3000","timestamp":"2025-05-07 18:26:02"}
{"level":"info","message":"Starting server on port 3000","timestamp":"2025-05-07 18:26:02"}
{"level":"info","message":"Database is configured for: urlShortener","timestamp":"2025-05-07 18:27:50"}
{"level":"info","message":"Attempting to Start server on port 3000","timestamp":"2025-05-07 18:27:50"}
{"level":"info","message":"Client connected from Pool (Total count: 1","timestamp":"2025-05-07 18:27:50"}
{"level":"info","message":"Database connection pool established successfully","timestamp":"2025-05-07 18:27:50"}
{"level":"info","message":"Initializing database schema...","timestamp":"2025-05-07 18:27:50"}
{"level":"info","message":"Database schema initialized successfully","timestamp":"2025-05-07 18:27:50"}
{"level":"info","message":"Starting server on port 3000","timestamp":"2025-05-07 18:27:50"}
{"level":"info","message":"Starting server on port 3000","timestamp":"2025-05-07 18:27:50"}
{"level":"info","message":"Database is configured for: urlShortener","timestamp":"2025-05-07 18:27:53"}
{"level":"info","message":"Attempting to Start server on port 3000","timestamp":"2025-05-07 18:27:53"}
{"level":"info","message":"Client connected from Pool (Total count: 1","timestamp":"2025-05-07 18:27:53"}
{"level":"info","message":"Database connection pool established successfully","timestamp":"2025-05-07 18:27:53"}
{"level":"info","message":"Initializing database schema...","timestamp":"2025-05-07 18:27:53"}
{"level":"info","message":"Database schema initialized successfully","timestamp":"2025-05-07 18:27:53"}
{"level":"info","message":"Starting server on port 3000","timestamp":"2025-05-07 18:27:53"}
{"level":"info","message":"Starting server on port 3000","timestamp":"2025-05-07 18:27:53"}
{"level":"info","message":"Database is configured for: urlShortener","timestamp":"2025-05-07 18:27:59"}
{"level":"info","message":"Attempting to Start server on port 3000","timestamp":"2025-05-07 18:27:59"}
{"level":"info","message":"Client connected from Pool (Total count: 1","timestamp":"2025-05-07 18:27:59"}
{"level":"info","message":"Database connection pool established successfully","timestamp":"2025-05-07 18:27:59"}
{"level":"info","message":"Initializing database schema...","timestamp":"2025-05-07 18:27:59"}
{"level":"info","message":"Database schema initialized successfully","timestamp":"2025-05-07 18:27:59"}
{"level":"info","message":"Starting server on port 3000","timestamp":"2025-05-07 18:27:59"}
{"level":"info","message":"Starting server on port 3000","timestamp":"2025-05-07 18:27:59"}
{"level":"info","message":"Database is configured for: urlShortener","timestamp":"2025-05-07 18:28:02"}
{"level":"info","message":"Attempting to Start server on port 3000","timestamp":"2025-05-07 18:28:02"}
{"level":"info","message":"Client connected from Pool (Total count: 1","timestamp":"2025-05-07 18:28:02"}
{"level":"info","message":"Database connection pool established successfully","timestamp":"2025-05-07 18:28:02"}
{"level":"info","message":"Initializing database schema...","timestamp":"2025-05-07 18:28:02"}
{"level":"info","message":"Database schema initialized successfully","timestamp":"2025-05-07 18:28:02"}
{"level":"info","message":"Starting server on port 3000","timestamp":"2025-05-07 18:28:02"}
{"level":"info","message":"Starting server on port 3000","timestamp":"2025-05-07 18:28:02"}
{"level":"info","message":"Database is configured for: urlShortener","timestamp":"2025-05-07 18:28:03"}
{"level":"info","message":"Attempting to Start server on port 3000","timestamp":"2025-05-07 18:28:03"}
{"level":"info","message":"Client connected from Pool (Total count: 1","timestamp":"2025-05-07 18:28:03"}
{"level":"info","message":"Database connection pool established successfully","timestamp":"2025-05-07 18:28:03"}
{"level":"info","message":"Initializing database schema...","timestamp":"2025-05-07 18:28:03"}
{"level":"info","message":"Database schema initialized successfully","timestamp":"2025-05-07 18:28:03"}
{"level":"info","message":"Starting server on port 3000","timestamp":"2025-05-07 18:28:03"}
{"level":"info","message":"Starting server on port 3000","timestamp":"2025-05-07 18:28:03"}
{"level":"info","message":"Database is configured for: urlShortener","timestamp":"2025-05-07 18:28:04"}
{"level":"info","message":"Attempting to Start server on port 3000","timestamp":"2025-05-07 18:28:04"}
{"level":"info","message":"Client connected from Pool (Total count: 1","timestamp":"2025-05-07 18:28:04"}
{"level":"info","message":"Database connection pool established successfully","timestamp":"2025-05-07 18:28:04"}
{"level":"info","message":"Initializing database schema...","timestamp":"2025-05-07 18:28:04"}
{"level":"info","message":"Database schema initialized successfully","timestamp":"2025-05-07 18:28:05"}
{"level":"info","message":"Starting server on port 3000","timestamp":"2025-05-07 18:28:05"}
{"level":"info","message":"Starting server on port 3000","timestamp":"2025-05-07 18:28:05"}
{"level":"info","message":"Database is configured for: urlShortener","timestamp":"2025-05-07 18:28:06"}
{"level":"info","message":"Attempting to Start server on port 3000","timestamp":"2025-05-07 18:28:06"}
{"level":"info","message":"Client connected from Pool (Total count: 1","timestamp":"2025-05-07 18:28:06"}
{"level":"info","message":"Database connection pool established successfully","timestamp":"2025-05-07 18:28:06"}
{"level":"info","message":"Initializing database schema...","timestamp":"2025-05-07 18:28:06"}
{"level":"info","message":"Database schema initialized successfully","timestamp":"2025-05-07 18:28:06"}
{"level":"info","message":"Starting server on port 3000","timestamp":"2025-05-07 18:28:06"}
{"level":"info","message":"Starting server on port 3000","timestamp":"2025-05-07 18:28:06"}
{"level":"info","message":"Database is configured for: urlShortener","timestamp":"2025-05-07 18:28:10"}
{"level":"info","message":"Attempting to Start server on port 3000","timestamp":"2025-05-07 18:28:10"}
{"level":"info","message":"Client connected from Pool (Total count: 1","timestamp":"2025-05-07 18:28:10"}
{"level":"info","message":"Database connection pool established successfully","timestamp":"2025-05-07 18:28:10"}
{"level":"info","message":"Initializing database schema...","timestamp":"2025-05-07 18:28:10"}
{"level":"info","message":"Database schema initialized successfully","timestamp":"2025-05-07 18:28:10"}
{"level":"info","message":"Starting server on port 3000","timestamp":"2025-05-07 18:28:10"}
{"level":"info","message":"Starting server on port 3000","timestamp":"2025-05-07 18:28:10"}
{"level":"info","message":"Database is configured for: urlShortener","timestamp":"2025-05-07 18:28:13"}
{"level":"info","message":"Attempting to Start server on port 3000","timestamp":"2025-05-07 18:28:13"}
{"level":"info","message":"Client connected from Pool (Total count: 1","timestamp":"2025-05-07 18:28:13"}
{"level":"info","message":"Database connection pool established successfully","timestamp":"2025-05-07 18:28:13"}
{"level":"info","message":"Initializing database schema...","timestamp":"2025-05-07 18:28:13"}
{"level":"info","message":"Database schema initialized successfully","timestamp":"2025-05-07 18:28:13"}
{"level":"info","message":"Starting server on port 3000","timestamp":"2025-05-07 18:28:13"}
{"level":"info","message":"Starting server on port 3000","timestamp":"2025-05-07 18:28:13"}
{"level":"info","message":"Database is configured for: urlShortener","timestamp":"2025-05-07 18:28:16"}
{"level":"info","message":"Attempting to Start server on port 3000","timestamp":"2025-05-07 18:28:16"}
{"level":"info","message":"Client connected from Pool (Total count: 1","timestamp":"2025-05-07 18:28:16"}
{"level":"info","message":"Database connection pool established successfully","timestamp":"2025-05-07 18:28:16"}
{"level":"info","message":"Initializing database schema...","timestamp":"2025-05-07 18:28:16"}
{"level":"info","message":"Database schema initialized successfully","timestamp":"2025-05-07 18:28:16"}
{"level":"info","message":"Starting server on port 3000","timestamp":"2025-05-07 18:28:16"}
{"level":"info","message":"Starting server on port 3000","timestamp":"2025-05-07 18:28:16"}
{"level":"info","message":"Database is configured for: urlShortener","timestamp":"2025-05-07 18:28:19"}
{"level":"info","message":"Attempting to Start server on port 3000","timestamp":"2025-05-07 18:28:19"}
{"level":"info","message":"Client connected from Pool (Total count: 1","timestamp":"2025-05-07 18:28:19"}
{"level":"info","message":"Database connection pool established successfully","timestamp":"2025-05-07 18:28:19"}
{"level":"info","message":"Initializing database schema...","timestamp":"2025-05-07 18:28:19"}
{"level":"info","message":"Database schema initialized successfully","timestamp":"2025-05-07 18:28:19"}
{"level":"info","message":"Starting server on port 3000","timestamp":"2025-05-07 18:28:19"}
{"level":"info","message":"Starting server on port 3000","timestamp":"2025-05-07 18:28:19"}
{"level":"info","message":"Database is configured for: urlShortener","timestamp":"2025-05-07 18:28:24"}
{"level":"info","message":"Attempting to Start server on port 3000","timestamp":"2025-05-07 18:28:24"}
{"level":"info","message":"Client connected from Pool (Total count: 1","timestamp":"2025-05-07 18:28:24"}
{"level":"info","message":"Database connection pool established successfully","timestamp":"2025-05-07 18:28:24"}
{"level":"info","message":"Initializing database schema...","timestamp":"2025-05-07 18:28:24"}
{"level":"info","message":"Database schema initialized successfully","timestamp":"2025-05-07 18:28:24"}
{"level":"info","message":"Starting server on port 3000","timestamp":"2025-05-07 18:28:24"}
{"level":"info","message":"Starting server on port 3000","timestamp":"2025-05-07 18:28:24"}
{"level":"info","message":"Database is configured for: urlShortener","timestamp":"2025-05-07 18:28:26"}
{"level":"info","message":"Attempting to Start server on port 3000","timestamp":"2025-05-07 18:28:26"}
{"level":"info","message":"Client connected from Pool (Total count: 1","timestamp":"2025-05-07 18:28:26"}
{"level":"info","message":"Database connection pool established successfully","timestamp":"2025-05-07 18:28:26"}
{"level":"info","message":"Initializing database schema...","timestamp":"2025-05-07 18:28:26"}
{"level":"info","message":"Database schema initialized successfully","timestamp":"2025-05-07 18:28:26"}
{"level":"info","message":"Starting server on port 3000","timestamp":"2025-05-07 18:28:26"}
{"level":"info","message":"Starting server on port 3000","timestamp":"2025-05-07 18:28:26"}
{"level":"info","message":"Database is configured for: urlShortener","timestamp":"2025-05-07 18:28:27"}
{"level":"info","message":"Attempting to Start server on port 3000","timestamp":"2025-05-07 18:28:27"}
{"level":"info","message":"Client connected from Pool (Total count: 1","timestamp":"2025-05-07 18:28:27"}
{"level":"info","message":"Database connection pool established successfully","timestamp":"2025-05-07 18:28:27"}
{"level":"info","message":"Initializing database schema...","timestamp":"2025-05-07 18:28:27"}
{"level":"info","message":"Database schema initialized successfully","timestamp":"2025-05-07 18:28:27"}
{"level":"info","message":"Starting server on port 3000","timestamp":"2025-05-07 18:28:27"}
{"level":"info","message":"Starting server on port 3000","timestamp":"2025-05-07 18:28:27"}
{"level":"info","message":"Database is configured for: urlShortener","timestamp":"2025-05-07 18:28:30"}
{"level":"info","message":"Attempting to Start server on port 3000","timestamp":"2025-05-07 18:28:30"}
{"level":"info","message":"Client connected from Pool (Total count: 1","timestamp":"2025-05-07 18:28:30"}
{"level":"info","message":"Database connection pool established successfully","timestamp":"2025-05-07 18:28:30"}
{"level":"info","message":"Initializing database schema...","timestamp":"2025-05-07 18:28:30"}
{"level":"info","message":"Database schema initialized successfully","timestamp":"2025-05-07 18:28:30"}
{"level":"info","message":"Starting server on port 3000","timestamp":"2025-05-07 18:28:30"}
{"level":"info","message":"Starting server on port 3000","timestamp":"2025-05-07 18:28:30"}
{"level":"info","message":"Database is configured for: urlShortener","timestamp":"2025-05-07 18:28:32"}
{"level":"info","message":"Attempting to Start server on port 3000","timestamp":"2025-05-07 18:28:32"}
{"level":"info","message":"Client connected from Pool (Total count: 1","timestamp":"2025-05-07 18:28:32"}
{"level":"info","message":"Database connection pool established successfully","timestamp":"2025-05-07 18:28:32"}
{"level":"info","message":"Initializing database schema...","timestamp":"2025-05-07 18:28:32"}
{"level":"info","message":"Database schema initialized successfully","timestamp":"2025-05-07 18:28:32"}
{"level":"info","message":"Starting server on port 3000","timestamp":"2025-05-07 18:28:32"}
{"level":"info","message":"Starting server on port 3000","timestamp":"2025-05-07 18:28:32"}
{"level":"info","message":"Database is configured for: urlShortener","timestamp":"2025-05-07 18:28:35"}
{"level":"info","message":"Attempting to Start server on port 3000","timestamp":"2025-05-07 18:28:36"}
{"level":"info","message":"Client connected from Pool (Total count: 1","timestamp":"2025-05-07 18:28:36"}
{"level":"info","message":"Database connection pool established successfully","timestamp":"2025-05-07 18:28:36"}
{"level":"info","message":"Initializing database schema...","timestamp":"2025-05-07 18:28:36"}
{"level":"info","message":"Database schema initialized successfully","timestamp":"2025-05-07 18:28:36"}
{"level":"info","message":"Starting server on port 3000","timestamp":"2025-05-07 18:28:36"}
{"level":"info","message":"Starting server on port 3000","timestamp":"2025-05-07 18:28:36"}
{"level":"info","message":"Database is configured for: urlShortener","timestamp":"2025-05-07 18:28:39"}
{"level":"info","message":"Attempting to Start server on port 3000","timestamp":"2025-05-07 18:28:39"}
{"level":"info","message":"Client connected from Pool (Total count: 1","timestamp":"2025-05-07 18:28:39"}
{"level":"info","message":"Database connection pool established successfully","timestamp":"2025-05-07 18:28:39"}
{"level":"info","message":"Initializing database schema...","timestamp":"2025-05-07 18:28:39"}
{"level":"info","message":"Database schema initialized successfully","timestamp":"2025-05-07 18:28:39"}
{"level":"info","message":"Starting server on port 3000","timestamp":"2025-05-07 18:28:39"}
{"level":"info","message":"Starting server on port 3000","timestamp":"2025-05-07 18:28:39"}
{"level":"info","message":"Database is configured for: urlShortener","timestamp":"2025-05-07 18:28:45"}
{"level":"info","message":"Attempting to Start server on port 3000","timestamp":"2025-05-07 18:28:45"}
{"level":"info","message":"Client connected from Pool (Total count: 1","timestamp":"2025-05-07 18:28:45"}
{"level":"info","message":"Database connection pool established successfully","timestamp":"2025-05-07 18:28:45"}
{"level":"info","message":"Initializing database schema...","timestamp":"2025-05-07 18:28:45"}
{"level":"info","message":"Database schema initialized successfully","timestamp":"2025-05-07 18:28:45"}
{"level":"info","message":"Starting server on port 3000","timestamp":"2025-05-07 18:28:45"}
{"level":"info","message":"Starting server on port 3000","timestamp":"2025-05-07 18:28:45"}
{"level":"info","message":"Database is configured for: urlShortener","timestamp":"2025-05-07 18:28:47"}
{"level":"info","message":"Attempting to Start server on port 3000","timestamp":"2025-05-07 18:28:48"}
{"level":"info","message":"Client connected from Pool (Total count: 1","timestamp":"2025-05-07 18:28:48"}
{"level":"info","message":"Database connection pool established successfully","timestamp":"2025-05-07 18:28:48"}
{"level":"info","message":"Initializing database schema...","timestamp":"2025-05-07 18:28:48"}
{"level":"info","message":"Database schema initialized successfully","timestamp":"2025-05-07 18:28:48"}
{"level":"info","message":"Starting server on port 3000","timestamp":"2025-05-07 18:28:48"}
{"level":"info","message":"Starting server on port 3000","timestamp":"2025-05-07 18:28:48"}
{"level":"info","message":"Database is configured for: urlShortener","timestamp":"2025-05-07 18:28:50"}
{"level":"info","message":"Attempting to Start server on port 3000","timestamp":"2025-05-07 18:28:50"}
{"level":"info","message":"Client connected from Pool (Total count: 1","timestamp":"2025-05-07 18:28:50"}
{"level":"info","message":"Database connection pool established successfully","timestamp":"2025-05-07 18:28:50"}
{"level":"info","message":"Initializing database schema...","timestamp":"2025-05-07 18:28:50"}
{"level":"info","message":"Database schema initialized successfully","timestamp":"2025-05-07 18:28:50"}
{"level":"info","message":"Starting server on port 3000","timestamp":"2025-05-07 18:28:50"}
{"level":"info","message":"Starting server on port 3000","timestamp":"2025-05-07 18:28:50"}
{"level":"info","message":"Database is configured for: urlShortener","timestamp":"2025-05-07 18:28:55"}
{"level":"info","message":"Attempting to Start server on port 3000","timestamp":"2025-05-07 18:28:55"}
{"level":"info","message":"Client connected from Pool (Total count: 1","timestamp":"2025-05-07 18:28:55"}
{"level":"info","message":"Database connection pool established successfully","timestamp":"2025-05-07 18:28:55"}
{"level":"info","message":"Initializing database schema...","timestamp":"2025-05-07 18:28:55"}
{"level":"info","message":"Database schema initialized successfully","timestamp":"2025-05-07 18:28:55"}
{"level":"info","message":"Starting server on port 3000","timestamp":"2025-05-07 18:28:55"}
{"level":"info","message":"Starting server on port 3000","timestamp":"2025-05-07 18:28:55"}
{"level":"info","message":"Database is configured for: urlShortener","timestamp":"2025-05-07 18:28:56"}
{"level":"info","message":"Attempting to Start server on port 3000","timestamp":"2025-05-07 18:28:56"}
{"level":"info","message":"Client connected from Pool (Total count: 1","timestamp":"2025-05-07 18:28:56"}
{"level":"info","message":"Database connection pool established successfully","timestamp":"2025-05-07 18:28:56"}
{"level":"info","message":"Initializing database schema...","timestamp":"2025-05-07 18:28:56"}
{"level":"info","message":"Database schema initialized successfully","timestamp":"2025-05-07 18:28:56"}
{"level":"info","message":"Starting server on port 3000","timestamp":"2025-05-07 18:28:56"}
{"level":"info","message":"Starting server on port 3000","timestamp":"2025-05-07 18:28:56"}
{"level":"info","message":"Database is configured for: urlShortener","timestamp":"2025-05-07 18:28:58"}
{"level":"info","message":"Attempting to Start server on port 3000","timestamp":"2025-05-07 18:28:58"}
{"level":"info","message":"Client connected from Pool (Total count: 1","timestamp":"2025-05-07 18:28:58"}
{"level":"info","message":"Database connection pool established successfully","timestamp":"2025-05-07 18:28:58"}
{"level":"info","message":"Initializing database schema...","timestamp":"2025-05-07 18:28:58"}
{"level":"info","message":"Database schema initialized successfully","timestamp":"2025-05-07 18:28:58"}
{"level":"info","message":"Starting server on port 3000","timestamp":"2025-05-07 18:28:58"}
{"level":"info","message":"Starting server on port 3000","timestamp":"2025-05-07 18:28:58"}
{"level":"info","message":"Database is configured for: urlShortener","timestamp":"2025-05-07 18:29:01"}
{"level":"info","message":"Attempting to Start server on port 3000","timestamp":"2025-05-07 18:29:01"}
{"level":"info","message":"Client connected from Pool (Total count: 1","timestamp":"2025-05-07 18:29:01"}
{"level":"info","message":"Database connection pool established successfully","timestamp":"2025-05-07 18:29:01"}
{"level":"info","message":"Initializing database schema...","timestamp":"2025-05-07 18:29:01"}
{"level":"info","message":"Database schema initialized successfully","timestamp":"2025-05-07 18:29:01"}
{"level":"info","message":"Starting server on port 3000","timestamp":"2025-05-07 18:29:01"}
{"level":"info","message":"Starting server on port 3000","timestamp":"2025-05-07 18:29:01"}
{"level":"info","message":"Database is configured for: urlShortener","timestamp":"2025-05-07 18:29:04"}
{"level":"info","message":"Attempting to Start server on port 3000","timestamp":"2025-05-07 18:29:05"}
{"level":"info","message":"Client connected from Pool (Total count: 1","timestamp":"2025-05-07 18:29:05"}
{"level":"info","message":"Database connection pool established successfully","timestamp":"2025-05-07 18:29:05"}
{"level":"info","message":"Initializing database schema...","timestamp":"2025-05-07 18:29:05"}
{"level":"info","message":"Database schema initialized successfully","timestamp":"2025-05-07 18:29:05"}
{"level":"info","message":"Starting server on port 3000","timestamp":"2025-05-07 18:29:05"}
{"level":"info","message":"Starting server on port 3000","timestamp":"2025-05-07 18:29:05"}
{"level":"info","message":"Database is configured for: urlShortener","timestamp":"2025-05-07 18:29:08"}
{"level":"info","message":"Attempting to Start server on port 3000","timestamp":"2025-05-07 18:29:08"}
{"level":"info","message":"Client connected from Pool (Total count: 1","timestamp":"2025-05-07 18:29:08"}
{"level":"info","message":"Database connection pool established successfully","timestamp":"2025-05-07 18:29:08"}
{"level":"info","message":"Initializing database schema...","timestamp":"2025-05-07 18:29:08"}
{"level":"info","message":"Database schema initialized successfully","timestamp":"2025-05-07 18:29:08"}
{"level":"info","message":"Starting server on port 3000","timestamp":"2025-05-07 18:29:08"}
{"level":"info","message":"Starting server on port 3000","timestamp":"2025-05-07 18:29:08"}
{"level":"info","message":"Database is configured for: urlShortener","timestamp":"2025-05-07 18:29:11"}
{"level":"info","message":"Attempting to Start server on port 3000","timestamp":"2025-05-07 18:29:11"}
{"level":"info","message":"Client connected from Pool (Total count: 1","timestamp":"2025-05-07 18:29:11"}
{"level":"info","message":"Database connection pool established successfully","timestamp":"2025-05-07 18:29:11"}
{"level":"info","message":"Initializing database schema...","timestamp":"2025-05-07 18:29:11"}
{"level":"info","message":"Database schema initialized successfully","timestamp":"2025-05-07 18:29:11"}
{"level":"info","message":"Starting server on port 3000","timestamp":"2025-05-07 18:29:11"}
{"level":"info","message":"Starting server on port 3000","timestamp":"2025-05-07 18:29:11"}
{"level":"info","message":"Database is configured for: urlShortener","timestamp":"2025-05-07 18:29:15"}
{"level":"info","message":"Attempting to Start server on port 3000","timestamp":"2025-05-07 18:29:15"}
{"level":"info","message":"Client connected from Pool (Total count: 1","timestamp":"2025-05-07 18:29:15"}
{"level":"info","message":"Database connection pool established successfully","timestamp":"2025-05-07 18:29:15"}
{"level":"info","message":"Initializing database schema...","timestamp":"2025-05-07 18:29:15"}
{"level":"info","message":"Database schema initialized successfully","timestamp":"2025-05-07 18:29:15"}
{"level":"info","message":"Starting server on port 3000","timestamp":"2025-05-07 18:29:15"}
{"level":"info","message":"Starting server on port 3000","timestamp":"2025-05-07 18:29:15"}
{"level":"info","message":"Database is configured for: urlShortener","timestamp":"2025-05-07 18:29:17"}
{"level":"info","message":"Attempting to Start server on port 3000","timestamp":"2025-05-07 18:29:17"}
{"level":"info","message":"Client connected from Pool (Total count: 1","timestamp":"2025-05-07 18:29:17"}
{"level":"info","message":"Database connection pool established successfully","timestamp":"2025-05-07 18:29:17"}
{"level":"info","message":"Initializing database schema...","timestamp":"2025-05-07 18:29:17"}
{"level":"info","message":"Database schema initialized successfully","timestamp":"2025-05-07 18:29:17"}
{"level":"info","message":"Starting server on port 3000","timestamp":"2025-05-07 18:29:17"}
{"level":"info","message":"Starting server on port 3000","timestamp":"2025-05-07 18:29:17"}
{"level":"info","message":"Database is configured for: urlShortener","timestamp":"2025-05-07 18:29:21"}
{"level":"info","message":"Attempting to Start server on port 3000","timestamp":"2025-05-07 18:29:21"}
{"level":"info","message":"Client connected from Pool (Total count: 1","timestamp":"2025-05-07 18:29:21"}
{"level":"info","message":"Database connection pool established successfully","timestamp":"2025-05-07 18:29:21"}
{"level":"info","message":"Initializing database schema...","timestamp":"2025-05-07 18:29:21"}
{"level":"info","message":"Database schema initialized successfully","timestamp":"2025-05-07 18:29:21"}
{"level":"info","message":"Starting server on port 3000","timestamp":"2025-05-07 18:29:21"}
{"level":"info","message":"Starting server on port 3000","timestamp":"2025-05-07 18:29:21"}
{"level":"info","message":"Database is configured for: urlShortener","timestamp":"2025-05-07 18:29:23"}
{"level":"info","message":"Attempting to Start server on port 3000","timestamp":"2025-05-07 18:29:23"}
{"level":"info","message":"Client connected from Pool (Total count: 1","timestamp":"2025-05-07 18:29:23"}
{"level":"info","message":"Database connection pool established successfully","timestamp":"2025-05-07 18:29:23"}
{"level":"info","message":"Initializing database schema...","timestamp":"2025-05-07 18:29:23"}
{"level":"info","message":"Database schema initialized successfully","timestamp":"2025-05-07 18:29:23"}
{"level":"info","message":"Starting server on port 3000","timestamp":"2025-05-07 18:29:23"}
{"level":"info","message":"Starting server on port 3000","timestamp":"2025-05-07 18:29:23"}
{"level":"info","message":"Database is configured for: urlShortener","timestamp":"2025-05-07 18:29:25"}
{"level":"info","message":"Attempting to Start server on port 3000","timestamp":"2025-05-07 18:29:25"}
{"level":"info","message":"Client connected from Pool (Total count: 1","timestamp":"2025-05-07 18:29:25"}
{"level":"info","message":"Database connection pool established successfully","timestamp":"2025-05-07 18:29:25"}
{"level":"info","message":"Initializing database schema...","timestamp":"2025-05-07 18:29:25"}
{"level":"info","message":"Database schema initialized successfully","timestamp":"2025-05-07 18:29:25"}
{"level":"info","message":"Starting server on port 3000","timestamp":"2025-05-07 18:29:25"}
{"level":"info","message":"Starting server on port 3000","timestamp":"2025-05-07 18:29:25"}
{"level":"info","message":"Database is configured for: urlShortener","timestamp":"2025-05-07 18:29:27"}
{"level":"info","message":"Attempting to Start server on port 3000","timestamp":"2025-05-07 18:29:27"}
{"level":"info","message":"Client connected from Pool (Total count: 1","timestamp":"2025-05-07 18:29:27"}
{"level":"info","message":"Database connection pool established successfully","timestamp":"2025-05-07 18:29:27"}
{"level":"info","message":"Initializing database schema...","timestamp":"2025-05-07 18:29:27"}
{"level":"info","message":"Database schema initialized successfully","timestamp":"2025-05-07 18:29:27"}
{"level":"info","message":"Starting server on port 3000","timestamp":"2025-05-07 18:29:27"}
{"level":"info","message":"Starting server on port 3000","timestamp":"2025-05-07 18:29:27"}
{"level":"info","message":"Database is configured for: urlShortener","timestamp":"2025-05-07 18:29:30"}
{"level":"info","message":"Attempting to Start server on port 3000","timestamp":"2025-05-07 18:29:30"}
{"level":"info","message":"Client connected from Pool (Total count: 1","timestamp":"2025-05-07 18:29:30"}
{"level":"info","message":"Database connection pool established successfully","timestamp":"2025-05-07 18:29:30"}
{"level":"info","message":"Initializing database schema...","timestamp":"2025-05-07 18:29:30"}
{"level":"info","message":"Database schema initialized successfully","timestamp":"2025-05-07 18:29:30"}
{"level":"info","message":"Starting server on port 3000","timestamp":"2025-05-07 18:29:30"}
{"level":"info","message":"Starting server on port 3000","timestamp":"2025-05-07 18:29:30"}
{"level":"info","message":"Database is configured for: urlShortener","timestamp":"2025-05-07 18:29:31"}
{"level":"info","message":"Attempting to Start server on port 3000","timestamp":"2025-05-07 18:29:31"}
{"level":"info","message":"Client connected from Pool (Total count: 1","timestamp":"2025-05-07 18:29:31"}
{"level":"info","message":"Database connection pool established successfully","timestamp":"2025-05-07 18:29:31"}
{"level":"info","message":"Initializing database schema...","timestamp":"2025-05-07 18:29:31"}
{"level":"info","message":"Database schema initialized successfully","timestamp":"2025-05-07 18:29:32"}
{"level":"info","message":"Starting server on port 3000","timestamp":"2025-05-07 18:29:32"}
{"level":"info","message":"Starting server on port 3000","timestamp":"2025-05-07 18:29:32"}
{"level":"info","message":"Database is configured for: urlShortener","timestamp":"2025-05-07 18:29:37"}
{"level":"info","message":"Attempting to Start server on port 3000","timestamp":"2025-05-07 18:29:37"}
{"level":"info","message":"Client connected from Pool (Total count: 1","timestamp":"2025-05-07 18:29:37"}
{"level":"info","message":"Database connection pool established successfully","timestamp":"2025-05-07 18:29:37"}
{"level":"info","message":"Initializing database schema...","timestamp":"2025-05-07 18:29:37"}
{"level":"info","message":"Database schema initialized successfully","timestamp":"2025-05-07 18:29:37"}
{"level":"info","message":"Starting server on port 3000","timestamp":"2025-05-07 18:29:37"}
{"level":"info","message":"Starting server on port 3000","timestamp":"2025-05-07 18:29:37"}
{"level":"info","message":"Database is configured for: urlShortener","timestamp":"2025-05-07 18:29:41"}
{"level":"info","message":"Attempting to Start server on port 3000","timestamp":"2025-05-07 18:29:41"}
{"level":"info","message":"Client connected from Pool (Total count: 1","timestamp":"2025-05-07 18:29:41"}
{"level":"info","message":"Database connection pool established successfully","timestamp":"2025-05-07 18:29:41"}
{"level":"info","message":"Initializing database schema...","timestamp":"2025-05-07 18:29:41"}
{"level":"info","message":"Database schema initialized successfully","timestamp":"2025-05-07 18:29:41"}
{"level":"info","message":"Starting server on port 3000","timestamp":"2025-05-07 18:29:41"}
{"level":"info","message":"Starting server on port 3000","timestamp":"2025-05-07 18:29:41"}
{"level":"info","message":"Database is configured for: urlShortener","timestamp":"2025-05-07 18:29:47"}
{"level":"info","message":"Attempting to Start server on port 3000","timestamp":"2025-05-07 18:29:47"}
{"level":"info","message":"Client connected from Pool (Total count: 1","timestamp":"2025-05-07 18:29:47"}
{"level":"info","message":"Database connection pool established successfully","timestamp":"2025-05-07 18:29:47"}
{"level":"info","message":"Initializing database schema...","timestamp":"2025-05-07 18:29:47"}
{"level":"info","message":"Database schema initialized successfully","timestamp":"2025-05-07 18:29:47"}
{"level":"info","message":"Starting server on port 3000","timestamp":"2025-05-07 18:29:47"}
{"level":"info","message":"Starting server on port 3000","timestamp":"2025-05-07 18:29:47"}
{"level":"info","message":"Database is configured for: urlShortener","timestamp":"2025-05-07 18:29:49"}
{"level":"info","message":"Attempting to Start server on port 3000","timestamp":"2025-05-07 18:29:49"}
{"level":"info","message":"Client connected from Pool (Total count: 1","timestamp":"2025-05-07 18:29:49"}
{"level":"info","message":"Database connection pool established successfully","timestamp":"2025-05-07 18:29:49"}
{"level":"info","message":"Initializing database schema...","timestamp":"2025-05-07 18:29:49"}
{"level":"info","message":"Database schema initialized successfully","timestamp":"2025-05-07 18:29:50"}
{"level":"info","message":"Starting server on port 3000","timestamp":"2025-05-07 18:29:50"}
{"level":"info","message":"Starting server on port 3000","timestamp":"2025-05-07 18:29:50"}
{"level":"info","message":"Database is configured for: urlShortener","timestamp":"2025-05-07 18:29:50"}
{"level":"info","message":"Attempting to Start server on port 3000","timestamp":"2025-05-07 18:29:51"}
{"level":"info","message":"Client connected from Pool (Total count: 1","timestamp":"2025-05-07 18:29:51"}
{"level":"info","message":"Database connection pool established successfully","timestamp":"2025-05-07 18:29:51"}
{"level":"info","message":"Initializing database schema...","timestamp":"2025-05-07 18:29:51"}
{"level":"info","message":"Database schema initialized successfully","timestamp":"2025-05-07 18:29:51"}
{"level":"info","message":"Starting server on port 3000","timestamp":"2025-05-07 18:29:51"}
{"level":"info","message":"Starting server on port 3000","timestamp":"2025-05-07 18:29:51"}
{"level":"info","message":"Database is configured for: urlShortener","timestamp":"2025-05-07 18:29:55"}
{"level":"info","message":"Attempting to Start server on port 3000","timestamp":"2025-05-07 18:29:55"}
{"level":"info","message":"Client connected from Pool (Total count: 1","timestamp":"2025-05-07 18:29:55"}
{"level":"info","message":"Database connection pool established successfully","timestamp":"2025-05-07 18:29:55"}
{"level":"info","message":"Initializing database schema...","timestamp":"2025-05-07 18:29:55"}
{"level":"info","message":"Database schema initialized successfully","timestamp":"2025-05-07 18:29:55"}
{"level":"info","message":"Starting server on port 3000","timestamp":"2025-05-07 18:29:55"}
{"level":"info","message":"Starting server on port 3000","timestamp":"2025-05-07 18:29:55"}
{"level":"info","message":"Database is configured for: urlShortener","timestamp":"2025-05-07 18:29:56"}
{"level":"info","message":"Attempting to Start server on port 3000","timestamp":"2025-05-07 18:29:56"}
{"level":"info","message":"Client connected from Pool (Total count: 1","timestamp":"2025-05-07 18:29:56"}
{"level":"info","message":"Database connection pool established successfully","timestamp":"2025-05-07 18:29:56"}
{"level":"info","message":"Initializing database schema...","timestamp":"2025-05-07 18:29:56"}
{"level":"info","message":"Database schema initialized successfully","timestamp":"2025-05-07 18:29:56"}
{"level":"info","message":"Starting server on port 3000","timestamp":"2025-05-07 18:29:56"}
{"level":"info","message":"Starting server on port 3000","timestamp":"2025-05-07 18:29:56"}
{"level":"info","message":"Database is configured for: urlShortener","timestamp":"2025-05-07 18:29:58"}
{"level":"info","message":"Attempting to Start server on port 3000","timestamp":"2025-05-07 18:29:58"}
{"level":"info","message":"Client connected from Pool (Total count: 1","timestamp":"2025-05-07 18:29:58"}
{"level":"info","message":"Database connection pool established successfully","timestamp":"2025-05-07 18:29:58"}
{"level":"info","message":"Initializing database schema...","timestamp":"2025-05-07 18:29:58"}
{"level":"info","message":"Database schema initialized successfully","timestamp":"2025-05-07 18:29:58"}
{"level":"info","message":"Starting server on port 3000","timestamp":"2025-05-07 18:29:58"}
{"level":"info","message":"Starting server on port 3000","timestamp":"2025-05-07 18:29:58"}
{"level":"info","message":"Database is configured for: urlShortener","timestamp":"2025-05-07 18:29:59"}
{"level":"info","message":"Attempting to Start server on port 3000","timestamp":"2025-05-07 18:30:00"}
{"level":"info","message":"Client connected from Pool (Total count: 1","timestamp":"2025-05-07 18:30:00"}
{"level":"info","message":"Database connection pool established successfully","timestamp":"2025-05-07 18:30:00"}
{"level":"info","message":"Initializing database schema...","timestamp":"2025-05-07 18:30:00"}
{"level":"info","message":"Database schema initialized successfully","timestamp":"2025-05-07 18:30:00"}
{"level":"info","message":"Starting server on port 3000","timestamp":"2025-05-07 18:30:00"}
{"level":"info","message":"Starting server on port 3000","timestamp":"2025-05-07 18:30:00"}
{"level":"info","message":"Database is configured for: urlShortener","timestamp":"2025-05-07 18:30:01"}
{"level":"info","message":"Attempting to Start server on port 3000","timestamp":"2025-05-07 18:30:02"}
{"level":"info","message":"Client connected from Pool (Total count: 1","timestamp":"2025-05-07 18:30:02"}
{"level":"info","message":"Database connection pool established successfully","timestamp":"2025-05-07 18:30:02"}
{"level":"info","message":"Initializing database schema...","timestamp":"2025-05-07 18:30:02"}
{"level":"info","message":"Database schema initialized successfully","timestamp":"2025-05-07 18:30:02"}
{"level":"info","message":"Starting server on port 3000","timestamp":"2025-05-07 18:30:02"}
{"level":"info","message":"Starting server on port 3000","timestamp":"2025-05-07 18:30:02"}
{"level":"info","message":"Database is configured for: urlShortener","timestamp":"2025-05-07 18:30:03"}
{"level":"info","message":"Attempting to Start server on port 3000","timestamp":"2025-05-07 18:30:03"}
{"level":"info","message":"Client connected from Pool (Total count: 1","timestamp":"2025-05-07 18:30:03"}
{"level":"info","message":"Database connection pool established successfully","timestamp":"2025-05-07 18:30:03"}
{"level":"info","message":"Initializing database schema...","timestamp":"2025-05-07 18:30:03"}
{"level":"info","message":"Database schema initialized successfully","timestamp":"2025-05-07 18:30:03"}
{"level":"info","message":"Starting server on port 3000","timestamp":"2025-05-07 18:30:03"}
{"level":"info","message":"Starting server on port 3000","timestamp":"2025-05-07 18:30:03"}
{"level":"info","message":"Database is configured for: urlShortener","timestamp":"2025-05-07 18:30:05"}
{"level":"info","message":"Attempting to Start server on port 3000","timestamp":"2025-05-07 18:30:05"}
{"level":"info","message":"Client connected from Pool (Total count: 1","timestamp":"2025-05-07 18:30:05"}
{"level":"info","message":"Database connection pool established successfully","timestamp":"2025-05-07 18:30:05"}
{"level":"info","message":"Initializing database schema...","timestamp":"2025-05-07 18:30:05"}
{"level":"info","message":"Database schema initialized successfully","timestamp":"2025-05-07 18:30:05"}
{"level":"info","message":"Starting server on port 3000","timestamp":"2025-05-07 18:30:05"}
{"level":"info","message":"Starting server on port 3000","timestamp":"2025-05-07 18:30:05"}
{"level":"info","message":"Database is configured for: urlShortener","timestamp":"2025-05-07 18:30:07"}
{"level":"info","message":"Attempting to Start server on port 3000","timestamp":"2025-05-07 18:30:07"}
{"level":"info","message":"Client connected from Pool (Total count: 1","timestamp":"2025-05-07 18:30:07"}
{"level":"info","message":"Database connection pool established successfully","timestamp":"2025-05-07 18:30:07"}
{"level":"info","message":"Initializing database schema...","timestamp":"2025-05-07 18:30:07"}
{"level":"info","message":"Database schema initialized successfully","timestamp":"2025-05-07 18:30:07"}
{"level":"info","message":"Starting server on port 3000","timestamp":"2025-05-07 18:30:07"}
{"level":"info","message":"Starting server on port 3000","timestamp":"2025-05-07 18:30:07"}
{"level":"info","message":"Database is configured for: urlShortener","timestamp":"2025-05-07 19:22:13"}
{"level":"info","message":"Attempting to Start server on port 3000","timestamp":"2025-05-07 19:22:13"}
{"level":"info","message":"Client connected from Pool (Total count: 1","timestamp":"2025-05-07 19:22:13"}
{"level":"info","message":"Database connection pool established successfully","timestamp":"2025-05-07 19:22:13"}
{"level":"info","message":"Initializing database schema...","timestamp":"2025-05-07 19:22:13"}
{"level":"info","message":"Database schema initialized successfully","timestamp":"2025-05-07 19:22:13"}
{"level":"info","message":"Starting server on port 3000","timestamp":"2025-05-07 19:22:13"}
{"level":"info","message":"Starting server on port 3000","timestamp":"2025-05-07 19:22:13"}
{"level":"info","message":"Database is configured for: urlShortener","timestamp":"2025-05-07 19:22:15"}
{"level":"info","message":"Attempting to Start server on port 3000","timestamp":"2025-05-07 19:22:15"}
{"level":"info","message":"Client connected from Pool (Total count: 1","timestamp":"2025-05-07 19:22:15"}
{"level":"info","message":"Database connection pool established successfully","timestamp":"2025-05-07 19:22:15"}
{"level":"info","message":"Initializing database schema...","timestamp":"2025-05-07 19:22:15"}
{"level":"info","message":"Database schema initialized successfully","timestamp":"2025-05-07 19:22:15"}
{"level":"info","message":"Starting server on port 3000","timestamp":"2025-05-07 19:22:15"}
{"level":"info","message":"Starting server on port 3000","timestamp":"2025-05-07 19:22:15"}
{"level":"info","message":"Database is configured for: urlShortener","timestamp":"2025-05-07 19:22:16"}
{"level":"info","message":"Attempting to Start server on port 3000","timestamp":"2025-05-07 19:22:16"}
{"level":"info","message":"Client connected from Pool (Total count: 1","timestamp":"2025-05-07 19:22:16"}
{"level":"info","message":"Database connection pool established successfully","timestamp":"2025-05-07 19:22:16"}
{"level":"info","message":"Initializing database schema...","timestamp":"2025-05-07 19:22:16"}
{"level":"info","message":"Database schema initialized successfully","timestamp":"2025-05-07 19:22:16"}
{"level":"info","message":"Starting server on port 3000","timestamp":"2025-05-07 19:22:16"}
{"level":"info","message":"Starting server on port 3000","timestamp":"2025-05-07 19:22:16"}
{"level":"info","message":"Database is configured for: urlShortener","timestamp":"2025-05-07 19:22:19"}
{"level":"info","message":"Attempting to Start server on port 3000","timestamp":"2025-05-07 19:22:19"}
{"level":"info","message":"Client connected from Pool (Total count: 1","timestamp":"2025-05-07 19:22:19"}
{"level":"info","message":"Database connection pool established successfully","timestamp":"2025-05-07 19:22:19"}
{"level":"info","message":"Initializing database schema...","timestamp":"2025-05-07 19:22:19"}
{"level":"info","message":"Database schema initialized successfully","timestamp":"2025-05-07 19:22:20"}
{"level":"info","message":"Starting server on port 3000","timestamp":"2025-05-07 19:22:20"}
{"level":"info","message":"Starting server on port 3000","timestamp":"2025-05-07 19:22:20"}
{"level":"info","message":"Database is configured for: urlShortener","timestamp":"2025-05-07 19:22:20"}
{"level":"info","message":"Attempting to Start server on port 3000","timestamp":"2025-05-07 19:22:21"}
{"level":"info","message":"Client connected from Pool (Total count: 1","timestamp":"2025-05-07 19:22:21"}
{"level":"info","message":"Database connection pool established successfully","timestamp":"2025-05-07 19:22:21"}
{"level":"info","message":"Initializing database schema...","timestamp":"2025-05-07 19:22:21"}
{"level":"info","message":"Database schema initialized successfully","timestamp":"2025-05-07 19:22:21"}
{"level":"info","message":"Starting server on port 3000","timestamp":"2025-05-07 19:22:21"}
{"level":"info","message":"Starting server on port 3000","timestamp":"2025-05-07 19:22:21"}
{"level":"info","message":"Database is configured for: urlShortener","timestamp":"2025-05-07 19:22:27"}
{"level":"info","message":"Attempting to Start server on port 3000","timestamp":"2025-05-07 19:22:27"}
{"level":"info","message":"Client connected from Pool (Total count: 1","timestamp":"2025-05-07 19:22:27"}
{"level":"info","message":"Database connection pool established successfully","timestamp":"2025-05-07 19:22:27"}
{"level":"info","message":"Initializing database schema...","timestamp":"2025-05-07 19:22:27"}
{"level":"info","message":"Database schema initialized successfully","timestamp":"2025-05-07 19:22:27"}
{"level":"info","message":"Starting server on port 3000","timestamp":"2025-05-07 19:22:27"}
{"level":"info","message":"Starting server on port 3000","timestamp":"2025-05-07 19:22:27"}
{"level":"info","message":"Database is configured for: urlShortener","timestamp":"2025-05-07 19:22:29"}
{"level":"info","message":"Attempting to Start server on port 3000","timestamp":"2025-05-07 19:22:29"}
{"level":"info","message":"Client connected from Pool (Total count: 1","timestamp":"2025-05-07 19:22:29"}
{"level":"info","message":"Database connection pool established successfully","timestamp":"2025-05-07 19:22:29"}
{"level":"info","message":"Initializing database schema...","timestamp":"2025-05-07 19:22:29"}
{"level":"info","message":"Database schema initialized successfully","timestamp":"2025-05-07 19:22:29"}
{"level":"info","message":"Starting server on port 3000","timestamp":"2025-05-07 19:22:29"}
{"level":"info","message":"Starting server on port 3000","timestamp":"2025-05-07 19:22:29"}
{"level":"info","message":"Database is configured for: urlShortener","timestamp":"2025-05-07 19:22:31"}
{"level":"info","message":"Attempting to Start server on port 3000","timestamp":"2025-05-07 19:22:31"}
{"level":"info","message":"Client connected from Pool (Total count: 1","timestamp":"2025-05-07 19:22:31"}
{"level":"info","message":"Database connection pool established successfully","timestamp":"2025-05-07 19:22:31"}
{"level":"info","message":"Initializing database schema...","timestamp":"2025-05-07 19:22:31"}
{"level":"info","message":"Database schema initialized successfully","timestamp":"2025-05-07 19:22:31"}
{"level":"info","message":"Starting server on port 3000","timestamp":"2025-05-07 19:22:31"}
{"level":"info","message":"Starting server on port 3000","timestamp":"2025-05-07 19:22:31"}
{"level":"info","message":"Database is configured for: urlShortener","timestamp":"2025-05-07 19:22:33"}
{"level":"info","message":"Attempting to Start server on port 3000","timestamp":"2025-05-07 19:22:33"}
{"level":"info","message":"Client connected from Pool (Total count: 1","timestamp":"2025-05-07 19:22:33"}
{"level":"info","message":"Database connection pool established successfully","timestamp":"2025-05-07 19:22:33"}
{"level":"info","message":"Initializing database schema...","timestamp":"2025-05-07 19:22:33"}
{"level":"info","message":"Database schema initialized successfully","timestamp":"2025-05-07 19:22:33"}
{"level":"info","message":"Starting server on port 3000","timestamp":"2025-05-07 19:22:33"}
{"level":"info","message":"Starting server on port 3000","timestamp":"2025-05-07 19:22:33"}
{"level":"info","message":"Database is configured for: urlShortener","timestamp":"2025-05-07 19:22:38"}
{"level":"info","message":"Attempting to Start server on port 3000","timestamp":"2025-05-07 19:22:38"}
{"level":"info","message":"Client connected from Pool (Total count: 1","timestamp":"2025-05-07 19:22:38"}
{"level":"info","message":"Database connection pool established successfully","timestamp":"2025-05-07 19:22:38"}
{"level":"info","message":"Initializing database schema...","timestamp":"2025-05-07 19:22:38"}
{"level":"info","message":"Database schema initialized successfully","timestamp":"2025-05-07 19:22:38"}
{"level":"info","message":"Starting server on port 3000","timestamp":"2025-05-07 19:22:38"}
{"level":"info","message":"Starting server on port 3000","timestamp":"2025-05-07 19:22:38"}
{"level":"info","message":"Database is configured for: urlShortener","timestamp":"2025-05-07 19:22:41"}
{"level":"info","message":"Attempting to Start server on port 3000","timestamp":"2025-05-07 19:22:41"}
{"level":"info","message":"Client connected from Pool (Total count: 1","timestamp":"2025-05-07 19:22:41"}
{"level":"info","message":"Database connection pool established successfully","timestamp":"2025-05-07 19:22:41"}
{"level":"info","message":"Initializing database schema...","timestamp":"2025-05-07 19:22:41"}
{"level":"info","message":"Database schema initialized successfully","timestamp":"2025-05-07 19:22:41"}
{"level":"info","message":"Starting server on port 3000","timestamp":"2025-05-07 19:22:41"}
{"level":"info","message":"Starting server on port 3000","timestamp":"2025-05-07 19:22:41"}
{"level":"info","message":"Database is configured for: urlShortener","timestamp":"2025-05-07 19:22:48"}
{"level":"info","message":"Attempting to Start server on port 3000","timestamp":"2025-05-07 19:22:48"}
{"level":"info","message":"Client connected from Pool (Total count: 1","timestamp":"2025-05-07 19:22:48"}
{"level":"info","message":"Database connection pool established successfully","timestamp":"2025-05-07 19:22:48"}
{"level":"info","message":"Initializing database schema...","timestamp":"2025-05-07 19:22:48"}
{"level":"info","message":"Database schema initialized successfully","timestamp":"2025-05-07 19:22:48"}
{"level":"info","message":"Starting server on port 3000","timestamp":"2025-05-07 19:22:48"}
{"level":"info","message":"Starting server on port 3000","timestamp":"2025-05-07 19:22:48"}
{"level":"info","message":"Database is configured for: urlShortener","timestamp":"2025-05-07 19:22:50"}
{"level":"info","message":"Attempting to Start server on port 3000","timestamp":"2025-05-07 19:22:50"}
{"level":"info","message":"Client connected from Pool (Total count: 1","timestamp":"2025-05-07 19:22:51"}
{"level":"info","message":"Database connection pool established successfully","timestamp":"2025-05-07 19:22:51"}
{"level":"info","message":"Initializing database schema...","timestamp":"2025-05-07 19:22:51"}
{"level":"info","message":"Database schema initialized successfully","timestamp":"2025-05-07 19:22:51"}
{"level":"info","message":"Starting server on port 3000","timestamp":"2025-05-07 19:22:51"}
{"level":"info","message":"Starting server on port 3000","timestamp":"2025-05-07 19:22:51"}
{"level":"info","message":"Database is configured for: urlShortener","timestamp":"2025-05-07 19:22:52"}
{"level":"info","message":"Attempting to Start server on port 3000","timestamp":"2025-05-07 19:22:53"}
{"level":"info","message":"Client connected from Pool (Total count: 1","timestamp":"2025-05-07 19:22:53"}
{"level":"info","message":"Database connection pool established successfully","timestamp":"2025-05-07 19:22:53"}
{"level":"info","message":"Initializing database schema...","timestamp":"2025-05-07 19:22:53"}
{"level":"info","message":"Database schema initialized successfully","timestamp":"2025-05-07 19:22:53"}
{"level":"info","message":"Starting server on port 3000","timestamp":"2025-05-07 19:22:53"}
{"level":"info","message":"Starting server on port 3000","timestamp":"2025-05-07 19:22:53"}
{"level":"info","message":"Database is configured for: urlShortener","timestamp":"2025-05-07 19:22:54"}
{"level":"info","message":"Attempting to Start server on port 3000","timestamp":"2025-05-07 19:22:54"}
{"level":"info","message":"Client connected from Pool (Total count: 1","timestamp":"2025-05-07 19:22:54"}
{"level":"info","message":"Database connection pool established successfully","timestamp":"2025-05-07 19:22:54"}
{"level":"info","message":"Initializing database schema...","timestamp":"2025-05-07 19:22:54"}
{"level":"info","message":"Database schema initialized successfully","timestamp":"2025-05-07 19:22:54"}
{"level":"info","message":"Starting server on port 3000","timestamp":"2025-05-07 19:22:54"}
{"level":"info","message":"Starting server on port 3000","timestamp":"2025-05-07 19:22:54"}
{"level":"info","message":"Database is configured for: urlShortener","timestamp":"2025-05-07 19:22:57"}
{"level":"info","message":"Attempting to Start server on port 3000","timestamp":"2025-05-07 19:22:57"}
{"level":"info","message":"Client connected from Pool (Total count: 1","timestamp":"2025-05-07 19:22:57"}
{"level":"info","message":"Database connection pool established successfully","timestamp":"2025-05-07 19:22:57"}
{"level":"info","message":"Initializing database schema...","timestamp":"2025-05-07 19:22:57"}
{"level":"info","message":"Database schema initialized successfully","timestamp":"2025-05-07 19:22:57"}
{"level":"info","message":"Starting server on port 3000","timestamp":"2025-05-07 19:22:57"}
{"level":"info","message":"Starting server on port 3000","timestamp":"2025-05-07 19:22:57"}
{"level":"info","message":"Database is configured for: urlShortener","timestamp":"2025-05-07 19:23:02"}
{"level":"info","message":"Attempting to Start server on port 3000","timestamp":"2025-05-07 19:23:02"}
{"level":"info","message":"Client connected from Pool (Total count: 1","timestamp":"2025-05-07 19:23:02"}
{"level":"info","message":"Database connection pool established successfully","timestamp":"2025-05-07 19:23:02"}
{"level":"info","message":"Initializing database schema...","timestamp":"2025-05-07 19:23:02"}
{"level":"info","message":"Database schema initialized successfully","timestamp":"2025-05-07 19:23:02"}
{"level":"info","message":"Starting server on port 3000","timestamp":"2025-05-07 19:23:02"}
{"level":"info","message":"Starting server on port 3000","timestamp":"2025-05-07 19:23:02"}
{"level":"info","message":"Database is configured for: urlShortener","timestamp":"2025-05-07 19:23:06"}
{"level":"info","message":"Attempting to Start server on port 3000","timestamp":"2025-05-07 19:23:06"}
{"level":"info","message":"Client connected from Pool (Total count: 1","timestamp":"2025-05-07 19:23:06"}
{"level":"info","message":"Database connection pool established successfully","timestamp":"2025-05-07 19:23:06"}
{"level":"info","message":"Initializing database schema...","timestamp":"2025-05-07 19:23:06"}
{"level":"info","message":"Database schema initialized successfully","timestamp":"2025-05-07 19:23:06"}
{"level":"info","message":"Starting server on port 3000","timestamp":"2025-05-07 19:23:06"}
{"level":"info","message":"Starting server on port 3000","timestamp":"2025-05-07 19:23:06"}
{"level":"info","message":"Database is configured for: urlShortener","timestamp":"2025-05-07 19:23:12"}
{"level":"info","message":"Attempting to Start server on port 3000","timestamp":"2025-05-07 19:23:12"}
{"level":"info","message":"Client connected from Pool (Total count: 1","timestamp":"2025-05-07 19:23:12"}
{"level":"info","message":"Database connection pool established successfully","timestamp":"2025-05-07 19:23:12"}
{"level":"info","message":"Initializing database schema...","timestamp":"2025-05-07 19:23:12"}
{"level":"info","message":"Database schema initialized successfully","timestamp":"2025-05-07 19:23:12"}
{"level":"info","message":"Starting server on port 3000","timestamp":"2025-05-07 19:23:12"}
{"level":"info","message":"Starting server on port 3000","timestamp":"2025-05-07 19:23:12"}
{"level":"info","message":"Database is configured for: urlShortener","timestamp":"2025-05-07 19:23:18"}
{"level":"info","message":"Attempting to Start server on port 3000","timestamp":"2025-05-07 19:23:18"}
{"level":"info","message":"Client connected from Pool (Total count: 1","timestamp":"2025-05-07 19:23:18"}
{"level":"info","message":"Database connection pool established successfully","timestamp":"2025-05-07 19:23:18"}
{"level":"info","message":"Initializing database schema...","timestamp":"2025-05-07 19:23:18"}
{"level":"info","message":"Database schema initialized successfully","timestamp":"2025-05-07 19:23:18"}
{"level":"info","message":"Starting server on port 3000","timestamp":"2025-05-07 19:23:18"}
{"level":"info","message":"Starting server on port 3000","timestamp":"2025-05-07 19:23:18"}
{"level":"info","message":"Database is configured for: urlShortener","timestamp":"2025-05-07 19:23:22"}
{"level":"info","message":"Attempting to Start server on port 3000","timestamp":"2025-05-07 19:23:22"}
{"level":"info","message":"Client connected from Pool (Total count: 1","timestamp":"2025-05-07 19:23:22"}
{"level":"info","message":"Database connection pool established successfully","timestamp":"2025-05-07 19:23:22"}
{"level":"info","message":"Initializing database schema...","timestamp":"2025-05-07 19:23:22"}
{"level":"info","message":"Database schema initialized successfully","timestamp":"2025-05-07 19:23:22"}
{"level":"info","message":"Starting server on port 3000","timestamp":"2025-05-07 19:23:22"}
{"level":"info","message":"Starting server on port 3000","timestamp":"2025-05-07 19:23:22"}
{"level":"info","message":"Database is configured for: urlShortener","timestamp":"2025-05-07 19:23:26"}
{"level":"info","message":"Attempting to Start server on port 3000","timestamp":"2025-05-07 19:23:26"}
{"level":"info","message":"Client connected from Pool (Total count: 1","timestamp":"2025-05-07 19:23:26"}
{"level":"info","message":"Database connection pool established successfully","timestamp":"2025-05-07 19:23:26"}
{"level":"info","message":"Initializing database schema...","timestamp":"2025-05-07 19:23:26"}
{"level":"info","message":"Database schema initialized successfully","timestamp":"2025-05-07 19:23:26"}
{"level":"info","message":"Starting server on port 3000","timestamp":"2025-05-07 19:23:26"}
{"level":"info","message":"Starting server on port 3000","timestamp":"2025-05-07 19:23:26"}
{"level":"info","message":"Database is configured for: urlShortener","timestamp":"2025-05-07 19:23:28"}
{"level":"info","message":"Attempting to Start server on port 3000","timestamp":"2025-05-07 19:23:28"}
{"level":"info","message":"Client connected from Pool (Total count: 1","timestamp":"2025-05-07 19:23:28"}
{"level":"info","message":"Database connection pool established successfully","timestamp":"2025-05-07 19:23:28"}
{"level":"info","message":"Initializing database schema...","timestamp":"2025-05-07 19:23:28"}
{"level":"info","message":"Database schema initialized successfully","timestamp":"2025-05-07 19:23:29"}
{"level":"info","message":"Starting server on port 3000","timestamp":"2025-05-07 19:23:29"}
{"level":"info","message":"Starting server on port 3000","timestamp":"2025-05-07 19:23:29"}
{"level":"info","message":"Database is configured for: urlShortener","timestamp":"2025-05-07 19:23:30"}
{"level":"info","message":"Attempting to Start server on port 3000","timestamp":"2025-05-07 19:23:30"}
{"level":"info","message":"Client connected from Pool (Total count: 1","timestamp":"2025-05-07 19:23:30"}
{"level":"info","message":"Database connection pool established successfully","timestamp":"2025-05-07 19:23:30"}
{"level":"info","message":"Initializing database schema...","timestamp":"2025-05-07 19:23:30"}
{"level":"info","message":"Database schema initialized successfully","timestamp":"2025-05-07 19:23:30"}
{"level":"info","message":"Starting server on port 3000","timestamp":"2025-05-07 19:23:30"}
{"level":"info","message":"Starting server on port 3000","timestamp":"2025-05-07 19:23:30"}
{"level":"info","message":"Database is configured for: urlShortener","timestamp":"2025-05-07 19:23:31"}
{"level":"info","message":"Attempting to Start server on port 3000","timestamp":"2025-05-07 19:23:31"}
{"level":"info","message":"Client connected from Pool (Total count: 1","timestamp":"2025-05-07 19:23:32"}
{"level":"info","message":"Database connection pool established successfully","timestamp":"2025-05-07 19:23:32"}
{"level":"info","message":"Initializing database schema...","timestamp":"2025-05-07 19:23:32"}
{"level":"info","message":"Database schema initialized successfully","timestamp":"2025-05-07 19:23:32"}
{"level":"info","message":"Starting server on port 3000","timestamp":"2025-05-07 19:23:32"}
{"level":"info","message":"Starting server on port 3000","timestamp":"2025-05-07 19:23:32"}
{"level":"info","message":"Database is configured for: urlShortener","timestamp":"2025-05-07 19:23:34"}
{"level":"info","message":"Attempting to Start server on port 3000","timestamp":"2025-05-07 19:23:34"}
{"level":"info","message":"Client connected from Pool (Total count: 1","timestamp":"2025-05-07 19:23:34"}
{"level":"info","message":"Database connection pool established successfully","timestamp":"2025-05-07 19:23:34"}
{"level":"info","message":"Initializing database schema...","timestamp":"2025-05-07 19:23:34"}
{"level":"info","message":"Database schema initialized successfully","timestamp":"2025-05-07 19:23:34"}
{"level":"info","message":"Starting server on port 3000","timestamp":"2025-05-07 19:23:34"}
{"level":"info","message":"Starting server on port 3000","timestamp":"2025-05-07 19:23:34"}
{"level":"info","message":"Database is configured for: urlShortener","timestamp":"2025-05-07 19:23:36"}
{"level":"info","message":"Attempting to Start server on port 3000","timestamp":"2025-05-07 19:23:36"}
{"level":"info","message":"Client connected from Pool (Total count: 1","timestamp":"2025-05-07 19:23:36"}
{"level":"info","message":"Database connection pool established successfully","timestamp":"2025-05-07 19:23:36"}
{"level":"info","message":"Initializing database schema...","timestamp":"2025-05-07 19:23:36"}
{"level":"info","message":"Database schema initialized successfully","timestamp":"2025-05-07 19:23:37"}
{"level":"info","message":"Starting server on port 3000","timestamp":"2025-05-07 19:23:37"}
{"level":"info","message":"Starting server on port 3000","timestamp":"2025-05-07 19:23:37"}
{"level":"info","message":"Database is configured for: urlShortener","timestamp":"2025-05-07 19:23:39"}
{"level":"info","message":"Attempting to Start server on port 3000","timestamp":"2025-05-07 19:23:39"}
{"level":"info","message":"Client connected from Pool (Total count: 1","timestamp":"2025-05-07 19:23:39"}
{"level":"info","message":"Database connection pool established successfully","timestamp":"2025-05-07 19:23:39"}
{"level":"info","message":"Initializing database schema...","timestamp":"2025-05-07 19:23:39"}
{"level":"info","message":"Database schema initialized successfully","timestamp":"2025-05-07 19:23:39"}
{"level":"info","message":"Starting server on port 3000","timestamp":"2025-05-07 19:23:39"}
{"level":"info","message":"Starting server on port 3000","timestamp":"2025-05-07 19:23:39"}
{"level":"info","message":"Database is configured for: urlShortener","timestamp":"2025-05-07 19:23:41"}
{"level":"info","message":"Attempting to Start server on port 3000","timestamp":"2025-05-07 19:23:41"}
{"level":"info","message":"Client connected from Pool (Total count: 1","timestamp":"2025-05-07 19:23:41"}
{"level":"info","message":"Database connection pool established successfully","timestamp":"2025-05-07 19:23:41"}
{"level":"info","message":"Initializing database schema...","timestamp":"2025-05-07 19:23:41"}
{"level":"info","message":"Database schema initialized successfully","timestamp":"2025-05-07 19:23:41"}
{"level":"info","message":"Starting server on port 3000","timestamp":"2025-05-07 19:23:41"}
{"level":"info","message":"Starting server on port 3000","timestamp":"2025-05-07 19:23:41"}
{"level":"info","message":"Database is configured for: urlShortener","timestamp":"2025-05-07 19:23:49"}
{"level":"info","message":"Attempting to Start server on port 3000","timestamp":"2025-05-07 19:23:49"}
{"level":"info","message":"Client connected from Pool (Total count: 1","timestamp":"2025-05-07 19:23:49"}
{"level":"info","message":"Database connection pool established successfully","timestamp":"2025-05-07 19:23:49"}
{"level":"info","message":"Initializing database schema...","timestamp":"2025-05-07 19:23:49"}
{"level":"info","message":"Database schema initialized successfully","timestamp":"2025-05-07 19:23:49"}
{"level":"info","message":"Starting server on port 3000","timestamp":"2025-05-07 19:23:49"}
{"level":"info","message":"Starting server on port 3000","timestamp":"2025-05-07 19:23:49"}
{"level":"info","message":"Database is configured for: urlShortener","timestamp":"2025-05-07 19:23:51"}
{"level":"info","message":"Attempting to Start server on port 3000","timestamp":"2025-05-07 19:23:51"}
{"level":"info","message":"Client connected from Pool (Total count: 1","timestamp":"2025-05-07 19:23:51"}
{"level":"info","message":"Database connection pool established successfully","timestamp":"2025-05-07 19:23:51"}
{"level":"info","message":"Initializing database schema...","timestamp":"2025-05-07 19:23:51"}
{"level":"info","message":"Database schema initialized successfully","timestamp":"2025-05-07 19:23:51"}
{"level":"info","message":"Starting server on port 3000","timestamp":"2025-05-07 19:23:51"}
{"level":"info","message":"Starting server on port 3000","timestamp":"2025-05-07 19:23:51"}
{"level":"info","message":"Database is configured for: urlShortener","timestamp":"2025-05-07 19:23:59"}
{"level":"info","message":"Attempting to Start server on port 3000","timestamp":"2025-05-07 19:23:59"}
{"level":"info","message":"Client connected from Pool (Total count: 1","timestamp":"2025-05-07 19:23:59"}
{"level":"info","message":"Database connection pool established successfully","timestamp":"2025-05-07 19:23:59"}
{"level":"info","message":"Initializing database schema...","timestamp":"2025-05-07 19:23:59"}
{"level":"info","message":"Database schema initialized successfully","timestamp":"2025-05-07 19:23:59"}
{"level":"info","message":"Starting server on port 3000","timestamp":"2025-05-07 19:23:59"}
{"level":"info","message":"Starting server on port 3000","timestamp":"2025-05-07 19:23:59"}
{"level":"info","message":"Database is configured for: urlShortener","timestamp":"2025-05-07 19:24:00"}
{"level":"info","message":"Attempting to Start server on port 3000","timestamp":"2025-05-07 19:24:00"}
{"level":"info","message":"Client connected from Pool (Total count: 1","timestamp":"2025-05-07 19:24:00"}
{"level":"info","message":"Database connection pool established successfully","timestamp":"2025-05-07 19:24:00"}
{"level":"info","message":"Initializing database schema...","timestamp":"2025-05-07 19:24:00"}
{"level":"info","message":"Database schema initialized successfully","timestamp":"2025-05-07 19:24:00"}
{"level":"info","message":"Starting server on port 3000","timestamp":"2025-05-07 19:24:00"}
{"level":"info","message":"Starting server on port 3000","timestamp":"2025-05-07 19:24:00"}
{"level":"info","message":"Database is configured for: urlShortener","timestamp":"2025-05-07 19:24:05"}
{"level":"info","message":"Attempting to Start server on port 3000","timestamp":"2025-05-07 19:24:05"}
{"level":"info","message":"Client connected from Pool (Total count: 1","timestamp":"2025-05-07 19:24:05"}
{"level":"info","message":"Database connection pool established successfully","timestamp":"2025-05-07 19:24:05"}
{"level":"info","message":"Initializing database schema...","timestamp":"2025-05-07 19:24:05"}
{"level":"info","message":"Database schema initialized successfully","timestamp":"2025-05-07 19:24:05"}
{"level":"info","message":"Starting server on port 3000","timestamp":"2025-05-07 19:24:05"}
{"level":"info","message":"Starting server on port 3000","timestamp":"2025-05-07 19:24:05"}
{"level":"info","message":"Database is configured for: urlShortener","timestamp":"2025-05-07 19:24:06"}
{"level":"info","message":"Attempting to Start server on port 3000","timestamp":"2025-05-07 19:24:06"}
{"level":"info","message":"Client connected from Pool (Total count: 1","timestamp":"2025-05-07 19:24:06"}
{"level":"info","message":"Database connection pool established successfully","timestamp":"2025-05-07 19:24:06"}
{"level":"info","message":"Initializing database schema...","timestamp":"2025-05-07 19:24:06"}
{"level":"info","message":"Database schema initialized successfully","timestamp":"2025-05-07 19:24:06"}
{"level":"info","message":"Starting server on port 3000","timestamp":"2025-05-07 19:24:06"}
{"level":"info","message":"Starting server on port 3000","timestamp":"2025-05-07 19:24:06"}
{"level":"info","message":"Database is configured for: urlShortener","timestamp":"2025-05-07 19:24:07"}
{"level":"info","message":"Attempting to Start server on port 3000","timestamp":"2025-05-07 19:24:07"}
{"level":"info","message":"Client connected from Pool (Total count: 1","timestamp":"2025-05-07 19:24:07"}
{"level":"info","message":"Database connection pool established successfully","timestamp":"2025-05-07 19:24:07"}
{"level":"info","message":"Initializing database schema...","timestamp":"2025-05-07 19:24:07"}
{"level":"info","message":"Database schema initialized successfully","timestamp":"2025-05-07 19:24:07"}
{"level":"info","message":"Starting server on port 3000","timestamp":"2025-05-07 19:24:07"}
{"level":"info","message":"Starting server on port 3000","timestamp":"2025-05-07 19:24:07"}
{"level":"info","message":"Database is configured for: urlShortener","timestamp":"2025-05-07 19:24:12"}
{"level":"info","message":"Attempting to Start server on port 3000","timestamp":"2025-05-07 19:24:12"}
{"level":"info","message":"Client connected from Pool (Total count: 1","timestamp":"2025-05-07 19:24:12"}
{"level":"info","message":"Database connection pool established successfully","timestamp":"2025-05-07 19:24:12"}
{"level":"info","message":"Initializing database schema...","timestamp":"2025-05-07 19:24:12"}
{"level":"info","message":"Database schema initialized successfully","timestamp":"2025-05-07 19:24:12"}
{"level":"info","message":"Starting server on port 3000","timestamp":"2025-05-07 19:24:12"}
{"level":"info","message":"Starting server on port 3000","timestamp":"2025-05-07 19:24:12"}
{"level":"info","message":"Database is configured for: urlShortener","timestamp":"2025-05-07 19:24:16"}
{"level":"info","message":"Attempting to Start server on port 3000","timestamp":"2025-05-07 19:24:16"}
{"level":"info","message":"Client connected from Pool (Total count: 1","timestamp":"2025-05-07 19:24:16"}
{"level":"info","message":"Database connection pool established successfully","timestamp":"2025-05-07 19:24:16"}
{"level":"info","message":"Initializing database schema...","timestamp":"2025-05-07 19:24:16"}
{"level":"info","message":"Database schema initialized successfully","timestamp":"2025-05-07 19:24:16"}
{"level":"info","message":"Starting server on port 3000","timestamp":"2025-05-07 19:24:16"}
{"level":"info","message":"Starting server on port 3000","timestamp":"2025-05-07 19:24:16"}
{"level":"info","message":"Database is configured for: urlShortener","timestamp":"2025-05-07 19:24:18"}
{"level":"info","message":"Attempting to Start server on port 3000","timestamp":"2025-05-07 19:24:18"}
{"level":"info","message":"Client connected from Pool (Total count: 1","timestamp":"2025-05-07 19:24:18"}
{"level":"info","message":"Database connection pool established successfully","timestamp":"2025-05-07 19:24:18"}
{"level":"info","message":"Initializing database schema...","timestamp":"2025-05-07 19:24:18"}
{"level":"info","message":"Database schema initialized successfully","timestamp":"2025-05-07 19:24:18"}
{"level":"info","message":"Starting server on port 3000","timestamp":"2025-05-07 19:24:18"}
{"level":"info","message":"Starting server on port 3000","timestamp":"2025-05-07 19:24:18"}
{"level":"info","message":"Database is configured for: urlShortener","timestamp":"2025-05-07 19:24:20"}
{"level":"info","message":"Attempting to Start server on port 3000","timestamp":"2025-05-07 19:24:20"}
{"level":"info","message":"Client connected from Pool (Total count: 1","timestamp":"2025-05-07 19:24:20"}
{"level":"info","message":"Database connection pool established successfully","timestamp":"2025-05-07 19:24:20"}
{"level":"info","message":"Initializing database schema...","timestamp":"2025-05-07 19:24:20"}
{"level":"info","message":"Database schema initialized successfully","timestamp":"2025-05-07 19:24:20"}
{"level":"info","message":"Starting server on port 3000","timestamp":"2025-05-07 19:24:20"}
{"level":"info","message":"Starting server on port 3000","timestamp":"2025-05-07 19:24:20"}
{"level":"info","message":"Database is configured for: urlShortener","timestamp":"2025-05-07 19:24:25"}
{"level":"info","message":"Attempting to Start server on port 3000","timestamp":"2025-05-07 19:24:25"}
{"level":"info","message":"Client connected from Pool (Total count: 1","timestamp":"2025-05-07 19:24:25"}
{"level":"info","message":"Database connection pool established successfully","timestamp":"2025-05-07 19:24:25"}
{"level":"info","message":"Initializing database schema...","timestamp":"2025-05-07 19:24:25"}
{"level":"info","message":"Database schema initialized successfully","timestamp":"2025-05-07 19:24:25"}
{"level":"info","message":"Starting server on port 3000","timestamp":"2025-05-07 19:24:25"}
{"level":"info","message":"Starting server on port 3000","timestamp":"2025-05-07 19:24:25"}
{"level":"info","message":"Database is configured for: urlShortener","timestamp":"2025-05-07 19:24:27"}
{"level":"info","message":"Attempting to Start server on port 3000","timestamp":"2025-05-07 19:24:28"}
{"level":"info","message":"Client connected from Pool (Total count: 1","timestamp":"2025-05-07 19:24:28"}
{"level":"info","message":"Database connection pool established successfully","timestamp":"2025-05-07 19:24:28"}
{"level":"info","message":"Initializing database schema...","timestamp":"2025-05-07 19:24:28"}
{"level":"info","message":"Database schema initialized successfully","timestamp":"2025-05-07 19:24:28"}
{"level":"info","message":"Starting server on port 3000","timestamp":"2025-05-07 19:24:28"}
{"level":"info","message":"Starting server on port 3000","timestamp":"2025-05-07 19:24:28"}
{"level":"info","message":"Database is configured for: urlShortener","timestamp":"2025-05-07 19:24:29"}
{"level":"info","message":"Attempting to Start server on port 3000","timestamp":"2025-05-07 19:24:29"}
{"level":"info","message":"Client connected from Pool (Total count: 1","timestamp":"2025-05-07 19:24:29"}
{"level":"info","message":"Database connection pool established successfully","timestamp":"2025-05-07 19:24:29"}
{"level":"info","message":"Initializing database schema...","timestamp":"2025-05-07 19:24:29"}
{"level":"info","message":"Database schema initialized successfully","timestamp":"2025-05-07 19:24:29"}
{"level":"info","message":"Starting server on port 3000","timestamp":"2025-05-07 19:24:29"}
{"level":"info","message":"Starting server on port 3000","timestamp":"2025-05-07 19:24:29"}
{"level":"info","message":"Database is configured for: urlShortener","timestamp":"2025-05-07 19:24:31"}
{"level":"info","message":"Attempting to Start server on port 3000","timestamp":"2025-05-07 19:24:31"}
{"level":"info","message":"Client connected from Pool (Total count: 1","timestamp":"2025-05-07 19:24:31"}
{"level":"info","message":"Database connection pool established successfully","timestamp":"2025-05-07 19:24:31"}
{"level":"info","message":"Initializing database schema...","timestamp":"2025-05-07 19:24:31"}
{"level":"info","message":"Database schema initialized successfully","timestamp":"2025-05-07 19:24:31"}
{"level":"info","message":"Starting server on port 3000","timestamp":"2025-05-07 19:24:31"}
{"level":"info","message":"Starting server on port 3000","timestamp":"2025-05-07 19:24:31"}
{"level":"info","message":"Database is configured for: urlShortener","timestamp":"2025-05-07 19:24:37"}
{"level":"info","message":"Attempting to Start server on port 3000","timestamp":"2025-05-07 19:24:37"}
{"level":"info","message":"Client connected from Pool (Total count: 1","timestamp":"2025-05-07 19:24:37"}
{"level":"info","message":"Database connection pool established successfully","timestamp":"2025-05-07 19:24:37"}
{"level":"info","message":"Initializing database schema...","timestamp":"2025-05-07 19:24:37"}
{"level":"info","message":"Database schema initialized successfully","timestamp":"2025-05-07 19:24:37"}
{"level":"info","message":"Starting server on port 3000","timestamp":"2025-05-07 19:24:37"}
{"level":"info","message":"Starting server on port 3000","timestamp":"2025-05-07 19:24:37"}
{"level":"info","message":"Database is configured for: urlShortener","timestamp":"2025-05-07 19:24:38"}
{"level":"info","message":"Attempting to Start server on port 3000","timestamp":"2025-05-07 19:24:38"}
{"level":"info","message":"Client connected from Pool (Total count: 1","timestamp":"2025-05-07 19:24:38"}
{"level":"info","message":"Database connection pool established successfully","timestamp":"2025-05-07 19:24:38"}
{"level":"info","message":"Initializing database schema...","timestamp":"2025-05-07 19:24:38"}
{"level":"info","message":"Database schema initialized successfully","timestamp":"2025-05-07 19:24:38"}
{"level":"info","message":"Starting server on port 3000","timestamp":"2025-05-07 19:24:38"}
{"level":"info","message":"Starting server on port 3000","timestamp":"2025-05-07 19:24:38"}
{"level":"info","message":"Database is configured for: urlShortener","timestamp":"2025-05-07 19:24:39"}
{"level":"info","message":"Attempting to Start server on port 3000","timestamp":"2025-05-07 19:24:39"}
{"level":"info","message":"Client connected from Pool (Total count: 1","timestamp":"2025-05-07 19:24:39"}
{"level":"info","message":"Database connection pool established successfully","timestamp":"2025-05-07 19:24:39"}
{"level":"info","message":"Initializing database schema...","timestamp":"2025-05-07 19:24:39"}
{"level":"info","message":"Database schema initialized successfully","timestamp":"2025-05-07 19:24:39"}
{"level":"info","message":"Starting server on port 3000","timestamp":"2025-05-07 19:24:39"}
{"level":"info","message":"Starting server on port 3000","timestamp":"2025-05-07 19:24:39"}
{"level":"info","message":"Database is configured for: urlShortener","timestamp":"2025-05-07 19:24:45"}
{"level":"info","message":"Attempting to Start server on port 3000","timestamp":"2025-05-07 19:24:45"}
{"level":"info","message":"Client connected from Pool (Total count: 1","timestamp":"2025-05-07 19:24:45"}
{"level":"info","message":"Database connection pool established successfully","timestamp":"2025-05-07 19:24:45"}
{"level":"info","message":"Initializing database schema...","timestamp":"2025-05-07 19:24:45"}
{"level":"info","message":"Database schema initialized successfully","timestamp":"2025-05-07 19:24:45"}
{"level":"info","message":"Starting server on port 3000","timestamp":"2025-05-07 19:24:45"}
{"level":"info","message":"Starting server on port 3000","timestamp":"2025-05-07 19:24:45"}
{"level":"info","message":"Database is configured for: urlShortener","timestamp":"2025-05-07 19:24:47"}
{"level":"info","message":"Attempting to Start server on port 3000","timestamp":"2025-05-07 19:24:47"}
{"level":"info","message":"Client connected from Pool (Total count: 1","timestamp":"2025-05-07 19:24:47"}
{"level":"info","message":"Database connection pool established successfully","timestamp":"2025-05-07 19:24:47"}
{"level":"info","message":"Initializing database schema...","timestamp":"2025-05-07 19:24:47"}
{"level":"info","message":"Database schema initialized successfully","timestamp":"2025-05-07 19:24:47"}
{"level":"info","message":"Starting server on port 3000","timestamp":"2025-05-07 19:24:47"}
{"level":"info","message":"Starting server on port 3000","timestamp":"2025-05-07 19:24:47"}
{"level":"info","message":"Database is configured for: urlShortener","timestamp":"2025-05-07 19:24:52"}
{"level":"info","message":"Attempting to Start server on port 3000","timestamp":"2025-05-07 19:24:52"}
{"level":"info","message":"Client connected from Pool (Total count: 1","timestamp":"2025-05-07 19:24:52"}
{"level":"info","message":"Database connection pool established successfully","timestamp":"2025-05-07 19:24:52"}
{"level":"info","message":"Initializing database schema...","timestamp":"2025-05-07 19:24:52"}
{"level":"info","message":"Database schema initialized successfully","timestamp":"2025-05-07 19:24:52"}
{"level":"info","message":"Starting server on port 3000","timestamp":"2025-05-07 19:24:52"}
{"level":"info","message":"Starting server on port 3000","timestamp":"2025-05-07 19:24:52"}
{"level":"info","message":"Database is configured for: urlShortener","timestamp":"2025-05-07 19:24:54"}
{"level":"info","message":"Attempting to Start server on port 3000","timestamp":"2025-05-07 19:24:54"}
{"level":"info","message":"Client connected from Pool (Total count: 1","timestamp":"2025-05-07 19:24:54"}
{"level":"info","message":"Database connection pool established successfully","timestamp":"2025-05-07 19:24:54"}
{"level":"info","message":"Initializing database schema...","timestamp":"2025-05-07 19:24:54"}
{"level":"info","message":"Database schema initialized successfully","timestamp":"2025-05-07 19:24:54"}
{"level":"info","message":"Starting server on port 3000","timestamp":"2025-05-07 19:24:54"}
{"level":"info","message":"Starting server on port 3000","timestamp":"2025-05-07 19:24:54"}
{"level":"info","message":"Database is configured for: urlShortener","timestamp":"2025-05-07 19:25:00"}
{"level":"info","message":"Attempting to Start server on port 3000","timestamp":"2025-05-07 19:25:00"}
{"level":"info","message":"Client connected from Pool (Total count: 1","timestamp":"2025-05-07 19:25:00"}
{"level":"info","message":"Database connection pool established successfully","timestamp":"2025-05-07 19:25:00"}
{"level":"info","message":"Initializing database schema...","timestamp":"2025-05-07 19:25:00"}
{"level":"info","message":"Database schema initialized successfully","timestamp":"2025-05-07 19:25:00"}
{"level":"info","message":"Starting server on port 3000","timestamp":"2025-05-07 19:25:00"}
{"level":"info","message":"Starting server on port 3000","timestamp":"2025-05-07 19:25:00"}
{"level":"info","message":"Database is configured for: urlShortener","timestamp":"2025-05-07 19:25:05"}
{"level":"info","message":"Attempting to Start server on port 3000","timestamp":"2025-05-07 19:25:05"}
{"level":"info","message":"Client connected from Pool (Total count: 1","timestamp":"2025-05-07 19:25:05"}
{"level":"info","message":"Database connection pool established successfully","timestamp":"2025-05-07 19:25:05"}
{"level":"info","message":"Initializing database schema...","timestamp":"2025-05-07 19:25:05"}
{"level":"info","message":"Database schema initialized successfully","timestamp":"2025-05-07 19:25:05"}
{"level":"info","message":"Starting server on port 3000","timestamp":"2025-05-07 19:25:05"}
{"level":"info","message":"Starting server on port 3000","timestamp":"2025-05-07 19:25:05"}
{"level":"info","message":"Database is configured for: urlShortener","timestamp":"2025-05-07 19:25:07"}
{"level":"info","message":"Attempting to Start server on port 3000","timestamp":"2025-05-07 19:25:07"}
{"level":"info","message":"Client connected from Pool (Total count: 1","timestamp":"2025-05-07 19:25:07"}
{"level":"info","message":"Database connection pool established successfully","timestamp":"2025-05-07 19:25:07"}
{"level":"info","message":"Initializing database schema...","timestamp":"2025-05-07 19:25:07"}
{"level":"info","message":"Database schema initialized successfully","timestamp":"2025-05-07 19:25:07"}
{"level":"info","message":"Starting server on port 3000","timestamp":"2025-05-07 19:25:07"}
{"level":"info","message":"Starting server on port 3000","timestamp":"2025-05-07 19:25:07"}
{"level":"info","message":"Database is configured for: urlShortener","timestamp":"2025-05-07 19:25:09"}
{"level":"info","message":"Attempting to Start server on port 3000","timestamp":"2025-05-07 19:25:09"}
{"level":"info","message":"Client connected from Pool (Total count: 1","timestamp":"2025-05-07 19:25:09"}
{"level":"info","message":"Database connection pool established successfully","timestamp":"2025-05-07 19:25:09"}
{"level":"info","message":"Initializing database schema...","timestamp":"2025-05-07 19:25:09"}
{"level":"info","message":"Database schema initialized successfully","timestamp":"2025-05-07 19:25:09"}
{"level":"info","message":"Starting server on port 3000","timestamp":"2025-05-07 19:25:09"}
{"level":"info","message":"Starting server on port 3000","timestamp":"2025-05-07 19:25:09"}
{"level":"info","message":"Database is configured for: urlShortener","timestamp":"2025-05-07 19:25:12"}
{"level":"info","message":"Attempting to Start server on port 3000","timestamp":"2025-05-07 19:25:12"}
{"level":"info","message":"Client connected from Pool (Total count: 1","timestamp":"2025-05-07 19:25:12"}
{"level":"info","message":"Database connection pool established successfully","timestamp":"2025-05-07 19:25:12"}
{"level":"info","message":"Initializing database schema...","timestamp":"2025-05-07 19:25:12"}
{"level":"info","message":"Database schema initialized successfully","timestamp":"2025-05-07 19:25:12"}
{"level":"info","message":"Starting server on port 3000","timestamp":"2025-05-07 19:25:12"}
{"level":"info","message":"Starting server on port 3000","timestamp":"2025-05-07 19:25:12"}
{"level":"info","message":"Database is configured for: urlShortener","timestamp":"2025-05-07 19:25:17"}
{"level":"info","message":"Attempting to Start server on port 3000","timestamp":"2025-05-07 19:25:17"}
{"level":"info","message":"Client connected from Pool (Total count: 1","timestamp":"2025-05-07 19:25:17"}
{"level":"info","message":"Database connection pool established successfully","timestamp":"2025-05-07 19:25:17"}
{"level":"info","message":"Initializing database schema...","timestamp":"2025-05-07 19:25:17"}
{"level":"info","message":"Database schema initialized successfully","timestamp":"2025-05-07 19:25:17"}
{"level":"info","message":"Starting server on port 3000","timestamp":"2025-05-07 19:25:17"}
{"level":"info","message":"Starting server on port 3000","timestamp":"2025-05-07 19:25:17"}
{"level":"info","message":"Database is configured for: urlShortener","timestamp":"2025-05-07 19:25:20"}
{"level":"info","message":"Attempting to Start server on port 3000","timestamp":"2025-05-07 19:25:20"}
{"level":"info","message":"Client connected from Pool (Total count: 1","timestamp":"2025-05-07 19:25:20"}
{"level":"info","message":"Database connection pool established successfully","timestamp":"2025-05-07 19:25:20"}
{"level":"info","message":"Initializing database schema...","timestamp":"2025-05-07 19:25:20"}
{"level":"info","message":"Database schema initialized successfully","timestamp":"2025-05-07 19:25:20"}
{"level":"info","message":"Starting server on port 3000","timestamp":"2025-05-07 19:25:20"}
{"level":"info","message":"Starting server on port 3000","timestamp":"2025-05-07 19:25:20"}
{"level":"info","message":"Database is configured for: urlShortener","timestamp":"2025-05-07 19:25:24"}
{"level":"info","message":"Attempting to Start server on port 3000","timestamp":"2025-05-07 19:25:24"}
{"level":"info","message":"Client connected from Pool (Total count: 1","timestamp":"2025-05-07 19:25:24"}
{"level":"info","message":"Database connection pool established successfully","timestamp":"2025-05-07 19:25:24"}
{"level":"info","message":"Initializing database schema...","timestamp":"2025-05-07 19:25:24"}
{"level":"info","message":"Database schema initialized successfully","timestamp":"2025-05-07 19:25:24"}
{"level":"info","message":"Starting server on port 3000","timestamp":"2025-05-07 19:25:24"}
{"level":"info","message":"Starting server on port 3000","timestamp":"2025-05-07 19:25:24"}
{"level":"info","message":"Database is configured for: urlShortener","timestamp":"2025-05-07 19:25:27"}
{"level":"info","message":"Attempting to Start server on port 3000","timestamp":"2025-05-07 19:25:27"}
{"level":"info","message":"Client connected from Pool (Total count: 1","timestamp":"2025-05-07 19:25:27"}
{"level":"info","message":"Database connection pool established successfully","timestamp":"2025-05-07 19:25:27"}
{"level":"info","message":"Initializing database schema...","timestamp":"2025-05-07 19:25:27"}
{"level":"info","message":"Database schema initialized successfully","timestamp":"2025-05-07 19:25:27"}
{"level":"info","message":"Starting server on port 3000","timestamp":"2025-05-07 19:25:27"}
{"level":"info","message":"Starting server on port 3000","timestamp":"2025-05-07 19:25:27"}
{"level":"info","message":"Database is configured for: urlShortener","timestamp":"2025-05-07 19:25:29"}
{"level":"info","message":"Attempting to Start server on port 3000","timestamp":"2025-05-07 19:25:29"}
{"level":"info","message":"Client connected from Pool (Total count: 1","timestamp":"2025-05-07 19:25:29"}
{"level":"info","message":"Database connection pool established successfully","timestamp":"2025-05-07 19:25:29"}
{"level":"info","message":"Initializing database schema...","timestamp":"2025-05-07 19:25:29"}
{"level":"info","message":"Database schema initialized successfully","timestamp":"2025-05-07 19:25:30"}
{"level":"info","message":"Starting server on port 3000","timestamp":"2025-05-07 19:25:30"}
{"level":"info","message":"Starting server on port 3000","timestamp":"2025-05-07 19:25:30"}
{"level":"info","message":"Database is configured for: urlShortener","timestamp":"2025-05-07 19:25:31"}
{"level":"info","message":"Attempting to Start server on port 3000","timestamp":"2025-05-07 19:25:31"}
{"level":"info","message":"Client connected from Pool (Total count: 1","timestamp":"2025-05-07 19:25:31"}
{"level":"info","message":"Database connection pool established successfully","timestamp":"2025-05-07 19:25:31"}
{"level":"info","message":"Initializing database schema...","timestamp":"2025-05-07 19:25:31"}
{"level":"info","message":"Database schema initialized successfully","timestamp":"2025-05-07 19:25:31"}
{"level":"info","message":"Starting server on port 3000","timestamp":"2025-05-07 19:25:31"}
{"level":"info","message":"Starting server on port 3000","timestamp":"2025-05-07 19:25:31"}
{"level":"info","message":"Database is configured for: urlShortener","timestamp":"2025-05-07 19:25:35"}
{"level":"info","message":"Attempting to Start server on port 3000","timestamp":"2025-05-07 19:25:35"}
{"level":"info","message":"Client connected from Pool (Total count: 1","timestamp":"2025-05-07 19:25:35"}
{"level":"info","message":"Database connection pool established successfully","timestamp":"2025-05-07 19:25:35"}
{"level":"info","message":"Initializing database schema...","timestamp":"2025-05-07 19:25:35"}
{"level":"info","message":"Database schema initialized successfully","timestamp":"2025-05-07 19:25:35"}
{"level":"info","message":"Starting server on port 3000","timestamp":"2025-05-07 19:25:35"}
{"level":"info","message":"Starting server on port 3000","timestamp":"2025-05-07 19:25:35"}
{"level":"info","message":"Database is configured for: urlShortener","timestamp":"2025-05-07 19:25:45"}
{"level":"info","message":"Attempting to Start server on port 3000","timestamp":"2025-05-07 19:25:45"}
{"level":"info","message":"Client connected from Pool (Total count: 1","timestamp":"2025-05-07 19:25:45"}
{"level":"info","message":"Database connection pool established successfully","timestamp":"2025-05-07 19:25:45"}
{"level":"info","message":"Initializing database schema...","timestamp":"2025-05-07 19:25:45"}
{"level":"info","message":"Database schema initialized successfully","timestamp":"2025-05-07 19:25:45"}
{"level":"info","message":"Starting server on port 3000","timestamp":"2025-05-07 19:25:45"}
{"level":"info","message":"Starting server on port 3000","timestamp":"2025-05-07 19:25:45"}
{"level":"info","message":"Database is configured for: urlShortener","timestamp":"2025-05-07 19:25:54"}
{"level":"info","message":"Attempting to Start server on port 3000","timestamp":"2025-05-07 19:25:54"}
{"level":"info","message":"Client connected from Pool (Total count: 1","timestamp":"2025-05-07 19:25:54"}
{"level":"info","message":"Database connection pool established successfully","timestamp":"2025-05-07 19:25:54"}
{"level":"info","message":"Initializing database schema...","timestamp":"2025-05-07 19:25:54"}
{"level":"info","message":"Database schema initialized successfully","timestamp":"2025-05-07 19:25:54"}
{"level":"info","message":"Starting server on port 3000","timestamp":"2025-05-07 19:25:54"}
{"level":"info","message":"Starting server on port 3000","timestamp":"2025-05-07 19:25:54"}
{"level":"info","message":"Database is configured for: urlShortener","timestamp":"2025-05-07 19:25:58"}
{"level":"info","message":"Attempting to Start server on port 3000","timestamp":"2025-05-07 19:25:58"}
{"level":"info","message":"Client connected from Pool (Total count: 1","timestamp":"2025-05-07 19:25:58"}
{"level":"info","message":"Database connection pool established successfully","timestamp":"2025-05-07 19:25:58"}
{"level":"info","message":"Initializing database schema...","timestamp":"2025-05-07 19:25:58"}
{"level":"info","message":"Database schema initialized successfully","timestamp":"2025-05-07 19:25:58"}
{"level":"info","message":"Starting server on port 3000","timestamp":"2025-05-07 19:25:58"}
{"level":"info","message":"Starting server on port 3000","timestamp":"2025-05-07 19:25:58"}
{"level":"info","message":"Database is configured for: urlShortener","timestamp":"2025-05-07 19:26:02"}
{"level":"info","message":"Attempting to Start server on port 3000","timestamp":"2025-05-07 19:26:02"}
{"level":"info","message":"Client connected from Pool (Total count: 1","timestamp":"2025-05-07 19:26:02"}
{"level":"info","message":"Database connection pool established successfully","timestamp":"2025-05-07 19:26:02"}
{"level":"info","message":"Initializing database schema...","timestamp":"2025-05-07 19:26:02"}
{"level":"info","message":"Database schema initialized successfully","timestamp":"2025-05-07 19:26:02"}
{"level":"info","message":"Starting server on port 3000","timestamp":"2025-05-07 19:26:02"}
{"level":"info","message":"Starting server on port 3000","timestamp":"2025-05-07 19:26:02"}
{"level":"info","message":"Database is configured for: urlShortener","timestamp":"2025-05-07 19:26:06"}
{"level":"info","message":"Attempting to Start server on port 3000","timestamp":"2025-05-07 19:26:06"}
{"level":"info","message":"Client connected from Pool (Total count: 1","timestamp":"2025-05-07 19:26:06"}
{"level":"info","message":"Database connection pool established successfully","timestamp":"2025-05-07 19:26:06"}
{"level":"info","message":"Initializing database schema...","timestamp":"2025-05-07 19:26:06"}
{"level":"info","message":"Database schema initialized successfully","timestamp":"2025-05-07 19:26:06"}
{"level":"info","message":"Starting server on port 3000","timestamp":"2025-05-07 19:26:06"}
{"level":"info","message":"Starting server on port 3000","timestamp":"2025-05-07 19:26:06"}
{"level":"info","message":"Database is configured for: urlShortener","timestamp":"2025-05-07 19:26:10"}
{"level":"info","message":"Attempting to Start server on port 3000","timestamp":"2025-05-07 19:26:10"}
{"level":"info","message":"Client connected from Pool (Total count: 1","timestamp":"2025-05-07 19:26:10"}
{"level":"info","message":"Database connection pool established successfully","timestamp":"2025-05-07 19:26:10"}
{"level":"info","message":"Initializing database schema...","timestamp":"2025-05-07 19:26:10"}
{"level":"info","message":"Database schema initialized successfully","timestamp":"2025-05-07 19:26:10"}
{"level":"info","message":"Starting server on port 3000","timestamp":"2025-05-07 19:26:10"}
{"level":"info","message":"Starting server on port 3000","timestamp":"2025-05-07 19:26:10"}
{"level":"info","message":"Database is configured for: urlShortener","timestamp":"2025-05-07 19:26:16"}
{"level":"info","message":"Attempting to Start server on port 3000","timestamp":"2025-05-07 19:26:16"}
{"level":"info","message":"Client connected from Pool (Total count: 1","timestamp":"2025-05-07 19:26:16"}
{"level":"info","message":"Database connection pool established successfully","timestamp":"2025-05-07 19:26:16"}
{"level":"info","message":"Initializing database schema...","timestamp":"2025-05-07 19:26:16"}
{"level":"info","message":"Database schema initialized successfully","timestamp":"2025-05-07 19:26:16"}
{"level":"info","message":"Starting server on port 3000","timestamp":"2025-05-07 19:26:16"}
{"level":"info","message":"Starting server on port 3000","timestamp":"2025-05-07 19:26:16"}
{"level":"info","message":"Database is configured for: urlShortener","timestamp":"2025-05-07 19:26:18"}
{"level":"info","message":"Attempting to Start server on port 3000","timestamp":"2025-05-07 19:26:18"}
{"level":"info","message":"Client connected from Pool (Total count: 1","timestamp":"2025-05-07 19:26:18"}
{"level":"info","message":"Database connection pool established successfully","timestamp":"2025-05-07 19:26:18"}
{"level":"info","message":"Initializing database schema...","timestamp":"2025-05-07 19:26:18"}
{"level":"info","message":"Database schema initialized successfully","timestamp":"2025-05-07 19:26:18"}
{"level":"info","message":"Starting server on port 3000","timestamp":"2025-05-07 19:26:18"}
{"level":"info","message":"Starting server on port 3000","timestamp":"2025-05-07 19:26:18"}
{"level":"info","message":"Database is configured for: urlShortener","timestamp":"2025-05-07 19:26:20"}
{"level":"info","message":"Attempting to Start server on port 3000","timestamp":"2025-05-07 19:26:20"}
{"level":"info","message":"Client connected from Pool (Total count: 1","timestamp":"2025-05-07 19:26:20"}
{"level":"info","message":"Database connection pool established successfully","timestamp":"2025-05-07 19:26:20"}
{"level":"info","message":"Initializing database schema...","timestamp":"2025-05-07 19:26:20"}
{"level":"info","message":"Database schema initialized successfully","timestamp":"2025-05-07 19:26:20"}
{"level":"info","message":"Starting server on port 3000","timestamp":"2025-05-07 19:26:20"}
{"level":"info","message":"Starting server on port 3000","timestamp":"2025-05-07 19:26:20"}
{"level":"info","message":"Database is configured for: urlShortener","timestamp":"2025-05-07 19:26:22"}
{"level":"info","message":"Attempting to Start server on port 3000","timestamp":"2025-05-07 19:26:22"}
{"level":"info","message":"Client connected from Pool (Total count: 1","timestamp":"2025-05-07 19:26:22"}
{"level":"info","message":"Database connection pool established successfully","timestamp":"2025-05-07 19:26:22"}
{"level":"info","message":"Initializing database schema...","timestamp":"2025-05-07 19:26:22"}
{"level":"info","message":"Database schema initialized successfully","timestamp":"2025-05-07 19:26:22"}
{"level":"info","message":"Starting server on port 3000","timestamp":"2025-05-07 19:26:22"}
{"level":"info","message":"Starting server on port 3000","timestamp":"2025-05-07 19:26:22"}
{"level":"info","message":"Database is configured for: urlShortener","timestamp":"2025-05-07 19:26:23"}
{"level":"info","message":"Attempting to Start server on port 3000","timestamp":"2025-05-07 19:26:23"}
{"level":"info","message":"Client connected from Pool (Total count: 1","timestamp":"2025-05-07 19:26:23"}
{"level":"info","message":"Database connection pool established successfully","timestamp":"2025-05-07 19:26:23"}
{"level":"info","message":"Initializing database schema...","timestamp":"2025-05-07 19:26:23"}
{"level":"info","message":"Database schema initialized successfully","timestamp":"2025-05-07 19:26:23"}
{"level":"info","message":"Starting server on port 3000","timestamp":"2025-05-07 19:26:23"}
{"level":"info","message":"Starting server on port 3000","timestamp":"2025-05-07 19:26:23"}
{"level":"info","message":"Database is configured for: urlShortener","timestamp":"2025-05-07 19:26:28"}
{"level":"info","message":"Attempting to Start server on port 3000","timestamp":"2025-05-07 19:26:28"}
{"level":"info","message":"Client connected from Pool (Total count: 1","timestamp":"2025-05-07 19:26:28"}
{"level":"info","message":"Database connection pool established successfully","timestamp":"2025-05-07 19:26:28"}
{"level":"info","message":"Initializing database schema...","timestamp":"2025-05-07 19:26:28"}
{"level":"info","message":"Database schema initialized successfully","timestamp":"2025-05-07 19:26:28"}
{"level":"info","message":"Starting server on port 3000","timestamp":"2025-05-07 19:26:28"}
{"level":"info","message":"Starting server on port 3000","timestamp":"2025-05-07 19:26:28"}
{"level":"info","message":"Database is configured for: urlShortener","timestamp":"2025-05-07 19:26:32"}
{"level":"info","message":"Attempting to Start server on port 3000","timestamp":"2025-05-07 19:26:32"}
{"level":"info","message":"Client connected from Pool (Total count: 1","timestamp":"2025-05-07 19:26:32"}
{"level":"info","message":"Database connection pool established successfully","timestamp":"2025-05-07 19:26:32"}
{"level":"info","message":"Initializing database schema...","timestamp":"2025-05-07 19:26:32"}
{"level":"info","message":"Database schema initialized successfully","timestamp":"2025-05-07 19:26:32"}
{"level":"info","message":"Starting server on port 3000","timestamp":"2025-05-07 19:26:32"}
{"level":"info","message":"Starting server on port 3000","timestamp":"2025-05-07 19:26:32"}
{"level":"info","message":"Database is configured for: urlShortener","timestamp":"2025-05-07 19:26:36"}
{"level":"info","message":"Attempting to Start server on port 3000","timestamp":"2025-05-07 19:26:36"}
{"level":"info","message":"Client connected from Pool (Total count: 1","timestamp":"2025-05-07 19:26:36"}
{"level":"info","message":"Database connection pool established successfully","timestamp":"2025-05-07 19:26:36"}
{"level":"info","message":"Initializing database schema...","timestamp":"2025-05-07 19:26:36"}
{"level":"info","message":"Database schema initialized successfully","timestamp":"2025-05-07 19:26:36"}
{"level":"info","message":"Starting server on port 3000","timestamp":"2025-05-07 19:26:36"}
{"level":"info","message":"Starting server on port 3000","timestamp":"2025-05-07 19:26:36"}
{"level":"info","message":"Database is configured for: urlShortener","timestamp":"2025-05-07 19:26:39"}
{"level":"info","message":"Attempting to Start server on port 3000","timestamp":"2025-05-07 19:26:39"}
{"level":"info","message":"Client connected from Pool (Total count: 1","timestamp":"2025-05-07 19:26:39"}
{"level":"info","message":"Database connection pool established successfully","timestamp":"2025-05-07 19:26:39"}
{"level":"info","message":"Initializing database schema...","timestamp":"2025-05-07 19:26:39"}
{"level":"info","message":"Database schema initialized successfully","timestamp":"2025-05-07 19:26:39"}
{"level":"info","message":"Starting server on port 3000","timestamp":"2025-05-07 19:26:39"}
{"level":"info","message":"Starting server on port 3000","timestamp":"2025-05-07 19:26:39"}
{"level":"info","message":"Database is configured for: urlShortener","timestamp":"2025-05-07 19:26:42"}
{"level":"info","message":"Attempting to Start server on port 3000","timestamp":"2025-05-07 19:26:42"}
{"level":"info","message":"Client connected from Pool (Total count: 1","timestamp":"2025-05-07 19:26:42"}
{"level":"info","message":"Database connection pool established successfully","timestamp":"2025-05-07 19:26:42"}
{"level":"info","message":"Initializing database schema...","timestamp":"2025-05-07 19:26:42"}
{"level":"info","message":"Database schema initialized successfully","timestamp":"2025-05-07 19:26:42"}
{"level":"info","message":"Starting server on port 3000","timestamp":"2025-05-07 19:26:42"}
{"level":"info","message":"Starting server on port 3000","timestamp":"2025-05-07 19:26:42"}
{"level":"info","message":"Database is configured for: urlShortener","timestamp":"2025-05-07 19:26:46"}
{"level":"info","message":"Attempting to Start server on port 3000","timestamp":"2025-05-07 19:26:46"}
{"level":"info","message":"Client connected from Pool (Total count: 1","timestamp":"2025-05-07 19:26:46"}
{"level":"info","message":"Database connection pool established successfully","timestamp":"2025-05-07 19:26:46"}
{"level":"info","message":"Initializing database schema...","timestamp":"2025-05-07 19:26:46"}
{"level":"info","message":"Database schema initialized successfully","timestamp":"2025-05-07 19:26:46"}
{"level":"info","message":"Starting server on port 3000","timestamp":"2025-05-07 19:26:46"}
{"level":"info","message":"Starting server on port 3000","timestamp":"2025-05-07 19:26:46"}
{"level":"info","message":"Database is configured for: urlShortener","timestamp":"2025-05-07 19:26:53"}
{"level":"info","message":"Attempting to Start server on port 3000","timestamp":"2025-05-07 19:26:53"}
{"level":"info","message":"Client connected from Pool (Total count: 1","timestamp":"2025-05-07 19:26:53"}
{"level":"info","message":"Database connection pool established successfully","timestamp":"2025-05-07 19:26:53"}
{"level":"info","message":"Initializing database schema...","timestamp":"2025-05-07 19:26:53"}
{"level":"info","message":"Database schema initialized successfully","timestamp":"2025-05-07 19:26:53"}
{"level":"info","message":"Starting server on port 3000","timestamp":"2025-05-07 19:26:53"}
{"level":"info","message":"Starting server on port 3000","timestamp":"2025-05-07 19:26:53"}
{"level":"info","message":"Database is configured for: urlShortener","timestamp":"2025-05-07 19:26:55"}
{"level":"info","message":"Attempting to Start server on port 3000","timestamp":"2025-05-07 19:26:55"}
{"level":"info","message":"Client connected from Pool (Total count: 1","timestamp":"2025-05-07 19:26:55"}
{"level":"info","message":"Database connection pool established successfully","timestamp":"2025-05-07 19:26:55"}
{"level":"info","message":"Initializing database schema...","timestamp":"2025-05-07 19:26:55"}
{"level":"info","message":"Database schema initialized successfully","timestamp":"2025-05-07 19:26:55"}
{"level":"info","message":"Starting server on port 3000","timestamp":"2025-05-07 19:26:55"}
{"level":"info","message":"Starting server on port 3000","timestamp":"2025-05-07 19:26:55"}
{"level":"info","message":"Database is configured for: urlShortener","timestamp":"2025-05-07 19:27:00"}
{"level":"info","message":"Attempting to Start server on port 3000","timestamp":"2025-05-07 19:27:00"}
{"level":"info","message":"Client connected from Pool (Total count: 1","timestamp":"2025-05-07 19:27:00"}
{"level":"info","message":"Database connection pool established successfully","timestamp":"2025-05-07 19:27:00"}
{"level":"info","message":"Initializing database schema...","timestamp":"2025-05-07 19:27:00"}
{"level":"info","message":"Database schema initialized successfully","timestamp":"2025-05-07 19:27:00"}
{"level":"info","message":"Starting server on port 3000","timestamp":"2025-05-07 19:27:00"}
{"level":"info","message":"Starting server on port 3000","timestamp":"2025-05-07 19:27:00"}
{"level":"info","message":"Database is configured for: urlShortener","timestamp":"2025-05-07 19:27:01"}
{"level":"info","message":"Attempting to Start server on port 3000","timestamp":"2025-05-07 19:27:01"}
{"level":"info","message":"Client connected from Pool (Total count: 1","timestamp":"2025-05-07 19:27:01"}
{"level":"info","message":"Database connection pool established successfully","timestamp":"2025-05-07 19:27:01"}
{"level":"info","message":"Initializing database schema...","timestamp":"2025-05-07 19:27:01"}
{"level":"info","message":"Database schema initialized successfully","timestamp":"2025-05-07 19:27:01"}
{"level":"info","message":"Starting server on port 3000","timestamp":"2025-05-07 19:27:01"}
{"level":"info","message":"Starting server on port 3000","timestamp":"2025-05-07 19:27:01"}
{"level":"info","message":"Database is configured for: urlShortener","timestamp":"2025-05-07 19:27:03"}
{"level":"info","message":"Attempting to Start server on port 3000","timestamp":"2025-05-07 19:27:03"}
{"level":"info","message":"Client connected from Pool (Total count: 1","timestamp":"2025-05-07 19:27:03"}
{"level":"info","message":"Database connection pool established successfully","timestamp":"2025-05-07 19:27:03"}
{"level":"info","message":"Initializing database schema...","timestamp":"2025-05-07 19:27:03"}
{"level":"info","message":"Database schema initialized successfully","timestamp":"2025-05-07 19:27:03"}
{"level":"info","message":"Starting server on port 3000","timestamp":"2025-05-07 19:27:03"}
{"level":"info","message":"Starting server on port 3000","timestamp":"2025-05-07 19:27:03"}
{"level":"info","message":"Database is configured for: urlShortener","timestamp":"2025-05-07 19:27:06"}
{"level":"info","message":"Attempting to Start server on port 3000","timestamp":"2025-05-07 19:27:06"}
{"level":"info","message":"Client connected from Pool (Total count: 1","timestamp":"2025-05-07 19:27:06"}
{"level":"info","message":"Database connection pool established successfully","timestamp":"2025-05-07 19:27:06"}
{"level":"info","message":"Initializing database schema...","timestamp":"2025-05-07 19:27:06"}
{"level":"info","message":"Database schema initialized successfully","timestamp":"2025-05-07 19:27:07"}
{"level":"info","message":"Starting server on port 3000","timestamp":"2025-05-07 19:27:07"}
{"level":"info","message":"Starting server on port 3000","timestamp":"2025-05-07 19:27:07"}
{"level":"info","message":"Database is configured for: urlShortener","timestamp":"2025-05-07 19:27:09"}
{"level":"info","message":"Attempting to Start server on port 3000","timestamp":"2025-05-07 19:27:09"}
{"level":"info","message":"Client connected from Pool (Total count: 1","timestamp":"2025-05-07 19:27:09"}
{"level":"info","message":"Database connection pool established successfully","timestamp":"2025-05-07 19:27:09"}
{"level":"info","message":"Initializing database schema...","timestamp":"2025-05-07 19:27:09"}
{"level":"info","message":"Database schema initialized successfully","timestamp":"2025-05-07 19:27:09"}
{"level":"info","message":"Starting server on port 3000","timestamp":"2025-05-07 19:27:09"}
{"level":"info","message":"Starting server on port 3000","timestamp":"2025-05-07 19:27:09"}
{"level":"info","message":"Database is configured for: urlShortener","timestamp":"2025-05-07 19:27:11"}
{"level":"info","message":"Attempting to Start server on port 3000","timestamp":"2025-05-07 19:27:11"}
{"level":"info","message":"Client connected from Pool (Total count: 1","timestamp":"2025-05-07 19:27:11"}
{"level":"info","message":"Database connection pool established successfully","timestamp":"2025-05-07 19:27:11"}
{"level":"info","message":"Initializing database schema...","timestamp":"2025-05-07 19:27:11"}
{"level":"info","message":"Database schema initialized successfully","timestamp":"2025-05-07 19:27:11"}
{"level":"info","message":"Starting server on port 3000","timestamp":"2025-05-07 19:27:11"}
{"level":"info","message":"Starting server on port 3000","timestamp":"2025-05-07 19:27:11"}
{"level":"info","message":"Database is configured for: urlShortener","timestamp":"2025-05-07 19:27:15"}
{"level":"info","message":"Attempting to Start server on port 3000","timestamp":"2025-05-07 19:27:15"}
{"level":"info","message":"Client connected from Pool (Total count: 1","timestamp":"2025-05-07 19:27:15"}
{"level":"info","message":"Database connection pool established successfully","timestamp":"2025-05-07 19:27:15"}
{"level":"info","message":"Initializing database schema...","timestamp":"2025-05-07 19:27:15"}
{"level":"info","message":"Database schema initialized successfully","timestamp":"2025-05-07 19:27:15"}
{"level":"info","message":"Starting server on port 3000","timestamp":"2025-05-07 19:27:15"}
{"level":"info","message":"Starting server on port 3000","timestamp":"2025-05-07 19:27:15"}
{"level":"info","message":"Database is configured for: urlShortener","timestamp":"2025-05-07 19:27:17"}
{"level":"info","message":"Attempting to Start server on port 3000","timestamp":"2025-05-07 19:27:17"}
{"level":"info","message":"Client connected from Pool (Total count: 1","timestamp":"2025-05-07 19:27:17"}
{"level":"info","message":"Database connection pool established successfully","timestamp":"2025-05-07 19:27:17"}
{"level":"info","message":"Initializing database schema...","timestamp":"2025-05-07 19:27:17"}
{"level":"info","message":"Database schema initialized successfully","timestamp":"2025-05-07 19:27:17"}
{"level":"info","message":"Starting server on port 3000","timestamp":"2025-05-07 19:27:17"}
{"level":"info","message":"Starting server on port 3000","timestamp":"2025-05-07 19:27:17"}
{"level":"info","message":"Database is configured for: urlShortener","timestamp":"2025-05-07 19:27:20"}
{"level":"info","message":"Attempting to Start server on port 3000","timestamp":"2025-05-07 19:27:20"}
{"level":"info","message":"Client connected from Pool (Total count: 1","timestamp":"2025-05-07 19:27:20"}
{"level":"info","message":"Database connection pool established successfully","timestamp":"2025-05-07 19:27:20"}
{"level":"info","message":"Initializing database schema...","timestamp":"2025-05-07 19:27:20"}
{"level":"info","message":"Database schema initialized successfully","timestamp":"2025-05-07 19:27:20"}
{"level":"info","message":"Starting server on port 3000","timestamp":"2025-05-07 19:27:20"}
{"level":"info","message":"Starting server on port 3000","timestamp":"2025-05-07 19:27:20"}
{"level":"info","message":"Database is configured for: urlShortener","timestamp":"2025-05-07 19:27:22"}
{"level":"info","message":"Attempting to Start server on port 3000","timestamp":"2025-05-07 19:27:22"}
{"level":"info","message":"Client connected from Pool (Total count: 1","timestamp":"2025-05-07 19:27:22"}
{"level":"info","message":"Database connection pool established successfully","timestamp":"2025-05-07 19:27:22"}
{"level":"info","message":"Initializing database schema...","timestamp":"2025-05-07 19:27:22"}
{"level":"info","message":"Database schema initialized successfully","timestamp":"2025-05-07 19:27:23"}
{"level":"info","message":"Starting server on port 3000","timestamp":"2025-05-07 19:27:23"}
{"level":"info","message":"Starting server on port 3000","timestamp":"2025-05-07 19:27:23"}
{"level":"info","message":"Database is configured for: urlShortener","timestamp":"2025-05-07 19:27:28"}
{"level":"info","message":"Attempting to Start server on port 3000","timestamp":"2025-05-07 19:27:28"}
{"level":"info","message":"Client connected from Pool (Total count: 1","timestamp":"2025-05-07 19:27:28"}
{"level":"info","message":"Database connection pool established successfully","timestamp":"2025-05-07 19:27:28"}
{"level":"info","message":"Initializing database schema...","timestamp":"2025-05-07 19:27:28"}
{"level":"info","message":"Database schema initialized successfully","timestamp":"2025-05-07 19:27:28"}
{"level":"info","message":"Starting server on port 3000","timestamp":"2025-05-07 19:27:28"}
{"level":"info","message":"Starting server on port 3000","timestamp":"2025-05-07 19:27:28"}
{"level":"info","message":"Database is configured for: urlShortener","timestamp":"2025-05-07 19:27:32"}
{"level":"info","message":"Attempting to Start server on port 3000","timestamp":"2025-05-07 19:27:32"}
{"level":"info","message":"Client connected from Pool (Total count: 1","timestamp":"2025-05-07 19:27:32"}
{"level":"info","message":"Database connection pool established successfully","timestamp":"2025-05-07 19:27:32"}
{"level":"info","message":"Initializing database schema...","timestamp":"2025-05-07 19:27:32"}
{"level":"info","message":"Database schema initialized successfully","timestamp":"2025-05-07 19:27:32"}
{"level":"info","message":"Starting server on port 3000","timestamp":"2025-05-07 19:27:32"}
{"level":"info","message":"Starting server on port 3000","timestamp":"2025-05-07 19:27:32"}
{"level":"info","message":"Database is configured for: urlShortener","timestamp":"2025-05-07 19:27:33"}
{"level":"info","message":"Attempting to Start server on port 3000","timestamp":"2025-05-07 19:27:33"}
{"level":"info","message":"Client connected from Pool (Total count: 1","timestamp":"2025-05-07 19:27:33"}
{"level":"info","message":"Database connection pool established successfully","timestamp":"2025-05-07 19:27:33"}
{"level":"info","message":"Initializing database schema...","timestamp":"2025-05-07 19:27:33"}
{"level":"info","message":"Database schema initialized successfully","timestamp":"2025-05-07 19:27:33"}
{"level":"info","message":"Starting server on port 3000","timestamp":"2025-05-07 19:27:33"}
{"level":"info","message":"Starting server on port 3000","timestamp":"2025-05-07 19:27:34"}
{"level":"info","message":"Database is configured for: urlShortener","timestamp":"2025-05-07 19:27:36"}
{"level":"info","message":"Attempting to Start server on port 3000","timestamp":"2025-05-07 19:27:36"}
{"level":"info","message":"Client connected from Pool (Total count: 1","timestamp":"2025-05-07 19:27:36"}
{"level":"info","message":"Database connection pool established successfully","timestamp":"2025-05-07 19:27:36"}
{"level":"info","message":"Initializing database schema...","timestamp":"2025-05-07 19:27:36"}
{"level":"info","message":"Database schema initialized successfully","timestamp":"2025-05-07 19:27:36"}
{"level":"info","message":"Starting server on port 3000","timestamp":"2025-05-07 19:27:36"}
{"level":"info","message":"Starting server on port 3000","timestamp":"2025-05-07 19:27:36"}
{"level":"info","message":"Database is configured for: urlShortener","timestamp":"2025-05-07 19:27:41"}
{"level":"info","message":"Attempting to Start server on port 3000","timestamp":"2025-05-07 19:27:41"}
{"level":"info","message":"Client connected from Pool (Total count: 1","timestamp":"2025-05-07 19:27:41"}
{"level":"info","message":"Database connection pool established successfully","timestamp":"2025-05-07 19:27:41"}
{"level":"info","message":"Initializing database schema...","timestamp":"2025-05-07 19:27:41"}
{"level":"info","message":"Database schema initialized successfully","timestamp":"2025-05-07 19:27:41"}
{"level":"info","message":"Starting server on port 3000","timestamp":"2025-05-07 19:27:41"}
{"level":"info","message":"Starting server on port 3000","timestamp":"2025-05-07 19:27:41"}
{"level":"info","message":"Database is configured for: urlShortener","timestamp":"2025-05-07 19:27:43"}
{"level":"info","message":"Attempting to Start server on port 3000","timestamp":"2025-05-07 19:27:43"}
{"level":"info","message":"Client connected from Pool (Total count: 1","timestamp":"2025-05-07 19:27:43"}
{"level":"info","message":"Database connection pool established successfully","timestamp":"2025-05-07 19:27:43"}
{"level":"info","message":"Initializing database schema...","timestamp":"2025-05-07 19:27:43"}
{"level":"info","message":"Database schema initialized successfully","timestamp":"2025-05-07 19:27:43"}
{"level":"info","message":"Starting server on port 3000","timestamp":"2025-05-07 19:27:43"}
{"level":"info","message":"Starting server on port 3000","timestamp":"2025-05-07 19:27:43"}
{"level":"info","message":"Database is configured for: urlShortener","timestamp":"2025-05-07 19:27:45"}
{"level":"info","message":"Attempting to Start server on port 3000","timestamp":"2025-05-07 19:27:45"}
{"level":"info","message":"Client connected from Pool (Total count: 1","timestamp":"2025-05-07 19:27:45"}
{"level":"info","message":"Database connection pool established successfully","timestamp":"2025-05-07 19:27:45"}
{"level":"info","message":"Initializing database schema...","timestamp":"2025-05-07 19:27:45"}
{"level":"info","message":"Database schema initialized successfully","timestamp":"2025-05-07 19:27:45"}
{"level":"info","message":"Starting server on port 3000","timestamp":"2025-05-07 19:27:45"}
{"level":"info","message":"Starting server on port 3000","timestamp":"2025-05-07 19:27:45"}
{"level":"info","message":"Database is configured for: urlShortener","timestamp":"2025-05-07 19:27:50"}
{"level":"info","message":"Attempting to Start server on port 3000","timestamp":"2025-05-07 19:27:50"}
{"level":"info","message":"Client connected from Pool (Total count: 1","timestamp":"2025-05-07 19:27:50"}
{"level":"info","message":"Database connection pool established successfully","timestamp":"2025-05-07 19:27:50"}
{"level":"info","message":"Initializing database schema...","timestamp":"2025-05-07 19:27:50"}
{"level":"info","message":"Database schema initialized successfully","timestamp":"2025-05-07 19:27:50"}
{"level":"info","message":"Starting server on port 3000","timestamp":"2025-05-07 19:27:50"}
{"level":"info","message":"Starting server on port 3000","timestamp":"2025-05-07 19:27:50"}
{"level":"info","message":"Database is configured for: urlShortener","timestamp":"2025-05-07 19:27:52"}
{"level":"info","message":"Attempting to Start server on port 3000","timestamp":"2025-05-07 19:27:52"}
{"level":"info","message":"Client connected from Pool (Total count: 1","timestamp":"2025-05-07 19:27:52"}
{"level":"info","message":"Database connection pool established successfully","timestamp":"2025-05-07 19:27:52"}
{"level":"info","message":"Initializing database schema...","timestamp":"2025-05-07 19:27:52"}
{"level":"info","message":"Database schema initialized successfully","timestamp":"2025-05-07 19:27:52"}
{"level":"info","message":"Starting server on port 3000","timestamp":"2025-05-07 19:27:52"}
{"level":"info","message":"Starting server on port 3000","timestamp":"2025-05-07 19:27:52"}
{"level":"info","message":"Database is configured for: urlShortener","timestamp":"2025-05-07 19:27:54"}
{"level":"info","message":"Attempting to Start server on port 3000","timestamp":"2025-05-07 19:27:54"}
{"level":"info","message":"Client connected from Pool (Total count: 1","timestamp":"2025-05-07 19:27:54"}
{"level":"info","message":"Database connection pool established successfully","timestamp":"2025-05-07 19:27:54"}
{"level":"info","message":"Initializing database schema...","timestamp":"2025-05-07 19:27:54"}
{"level":"info","message":"Database schema initialized successfully","timestamp":"2025-05-07 19:27:54"}
{"level":"info","message":"Starting server on port 3000","timestamp":"2025-05-07 19:27:54"}
{"level":"info","message":"Starting server on port 3000","timestamp":"2025-05-07 19:27:54"}
{"level":"info","message":"Database is configured for: urlShortener","timestamp":"2025-05-07 19:28:01"}
{"level":"info","message":"Attempting to Start server on port 3000","timestamp":"2025-05-07 19:28:01"}
{"level":"info","message":"Client connected from Pool (Total count: 1","timestamp":"2025-05-07 19:28:01"}
{"level":"info","message":"Database connection pool established successfully","timestamp":"2025-05-07 19:28:01"}
{"level":"info","message":"Initializing database schema...","timestamp":"2025-05-07 19:28:01"}
{"level":"info","message":"Database schema initialized successfully","timestamp":"2025-05-07 19:28:01"}
{"level":"info","message":"Starting server on port 3000","timestamp":"2025-05-07 19:28:01"}
{"level":"info","message":"Starting server on port 3000","timestamp":"2025-05-07 19:28:01"}
{"level":"info","message":"Database is configured for: urlShortener","timestamp":"2025-05-07 19:28:04"}
{"level":"info","message":"Attempting to Start server on port 3000","timestamp":"2025-05-07 19:28:04"}
{"level":"info","message":"Client connected from Pool (Total count: 1","timestamp":"2025-05-07 19:28:04"}
{"level":"info","message":"Database connection pool established successfully","timestamp":"2025-05-07 19:28:04"}
{"level":"info","message":"Initializing database schema...","timestamp":"2025-05-07 19:28:04"}
{"level":"info","message":"Database schema initialized successfully","timestamp":"2025-05-07 19:28:04"}
{"level":"info","message":"Starting server on port 3000","timestamp":"2025-05-07 19:28:04"}
{"level":"info","message":"Starting server on port 3000","timestamp":"2025-05-07 19:28:04"}
{"level":"info","message":"Database is configured for: urlShortener","timestamp":"2025-05-07 19:28:10"}
{"level":"info","message":"Attempting to Start server on port 3000","timestamp":"2025-05-07 19:28:10"}
{"level":"info","message":"Client connected from Pool (Total count: 1","timestamp":"2025-05-07 19:28:11"}
{"level":"info","message":"Database connection pool established successfully","timestamp":"2025-05-07 19:28:11"}
{"level":"info","message":"Initializing database schema...","timestamp":"2025-05-07 19:28:11"}
{"level":"info","message":"Database schema initialized successfully","timestamp":"2025-05-07 19:28:11"}
{"level":"info","message":"Starting server on port 3000","timestamp":"2025-05-07 19:28:11"}
{"level":"info","message":"Starting server on port 3000","timestamp":"2025-05-07 19:28:11"}
{"level":"info","message":"Database is configured for: urlShortener","timestamp":"2025-05-07 19:28:14"}
{"level":"info","message":"Attempting to Start server on port 3000","timestamp":"2025-05-07 19:28:14"}
{"level":"info","message":"Client connected from Pool (Total count: 1","timestamp":"2025-05-07 19:28:14"}
{"level":"info","message":"Database connection pool established successfully","timestamp":"2025-05-07 19:28:14"}
{"level":"info","message":"Initializing database schema...","timestamp":"2025-05-07 19:28:14"}
{"level":"info","message":"Database schema initialized successfully","timestamp":"2025-05-07 19:28:14"}
{"level":"info","message":"Starting server on port 3000","timestamp":"2025-05-07 19:28:14"}
{"level":"info","message":"Starting server on port 3000","timestamp":"2025-05-07 19:28:14"}
{"level":"info","message":"Database is configured for: urlShortener","timestamp":"2025-05-07 19:28:16"}
{"level":"info","message":"Attempting to Start server on port 3000","timestamp":"2025-05-07 19:28:16"}
{"level":"info","message":"Client connected from Pool (Total count: 1","timestamp":"2025-05-07 19:28:16"}
{"level":"info","message":"Database connection pool established successfully","timestamp":"2025-05-07 19:28:16"}
{"level":"info","message":"Initializing database schema...","timestamp":"2025-05-07 19:28:16"}
{"level":"info","message":"Database schema initialized successfully","timestamp":"2025-05-07 19:28:16"}
{"level":"info","message":"Starting server on port 3000","timestamp":"2025-05-07 19:28:16"}
{"level":"info","message":"Starting server on port 3000","timestamp":"2025-05-07 19:28:16"}
{"level":"info","message":"Database is configured for: urlShortener","timestamp":"2025-05-07 19:28:20"}
{"level":"info","message":"Attempting to Start server on port 3000","timestamp":"2025-05-07 19:28:20"}
{"level":"info","message":"Client connected from Pool (Total count: 1","timestamp":"2025-05-07 19:28:20"}
{"level":"info","message":"Database connection pool established successfully","timestamp":"2025-05-07 19:28:20"}
{"level":"info","message":"Initializing database schema...","timestamp":"2025-05-07 19:28:20"}
{"level":"info","message":"Database schema initialized successfully","timestamp":"2025-05-07 19:28:20"}
{"level":"info","message":"Starting server on port 3000","timestamp":"2025-05-07 19:28:20"}
{"level":"info","message":"Starting server on port 3000","timestamp":"2025-05-07 19:28:20"}
{"level":"info","message":"Database is configured for: urlShortener","timestamp":"2025-05-07 19:28:23"}
{"level":"info","message":"Attempting to Start server on port 3000","timestamp":"2025-05-07 19:28:23"}
{"level":"info","message":"Client connected from Pool (Total count: 1","timestamp":"2025-05-07 19:28:23"}
{"level":"info","message":"Database connection pool established successfully","timestamp":"2025-05-07 19:28:23"}
{"level":"info","message":"Initializing database schema...","timestamp":"2025-05-07 19:28:23"}
{"level":"info","message":"Database schema initialized successfully","timestamp":"2025-05-07 19:28:23"}
{"level":"info","message":"Starting server on port 3000","timestamp":"2025-05-07 19:28:23"}
{"level":"info","message":"Starting server on port 3000","timestamp":"2025-05-07 19:28:23"}
{"level":"info","message":"Database is configured for: urlShortener","timestamp":"2025-05-07 19:28:27"}
{"level":"info","message":"Attempting to Start server on port 3000","timestamp":"2025-05-07 19:28:27"}
{"level":"info","message":"Client connected from Pool (Total count: 1","timestamp":"2025-05-07 19:28:27"}
{"level":"info","message":"Database connection pool established successfully","timestamp":"2025-05-07 19:28:27"}
{"level":"info","message":"Initializing database schema...","timestamp":"2025-05-07 19:28:27"}
{"level":"info","message":"Database schema initialized successfully","timestamp":"2025-05-07 19:28:27"}
{"level":"info","message":"Starting server on port 3000","timestamp":"2025-05-07 19:28:27"}
{"level":"info","message":"Starting server on port 3000","timestamp":"2025-05-07 19:28:27"}
{"level":"info","message":"Database is configured for: urlShortener","timestamp":"2025-05-07 19:28:30"}
{"level":"info","message":"Attempting to Start server on port 3000","timestamp":"2025-05-07 19:28:30"}
{"level":"info","message":"Client connected from Pool (Total count: 1","timestamp":"2025-05-07 19:28:30"}
{"level":"info","message":"Database connection pool established successfully","timestamp":"2025-05-07 19:28:31"}
{"level":"info","message":"Initializing database schema...","timestamp":"2025-05-07 19:28:31"}
{"level":"info","message":"Database schema initialized successfully","timestamp":"2025-05-07 19:28:31"}
{"level":"info","message":"Starting server on port 3000","timestamp":"2025-05-07 19:28:31"}
{"level":"info","message":"Starting server on port 3000","timestamp":"2025-05-07 19:28:31"}
{"level":"info","message":"Database is configured for: urlShortener","timestamp":"2025-05-07 19:28:32"}
{"level":"info","message":"Attempting to Start server on port 3000","timestamp":"2025-05-07 19:28:32"}
{"level":"info","message":"Client connected from Pool (Total count: 1","timestamp":"2025-05-07 19:28:32"}
{"level":"info","message":"Database connection pool established successfully","timestamp":"2025-05-07 19:28:32"}
{"level":"info","message":"Initializing database schema...","timestamp":"2025-05-07 19:28:32"}
{"level":"info","message":"Database schema initialized successfully","timestamp":"2025-05-07 19:28:32"}
{"level":"info","message":"Starting server on port 3000","timestamp":"2025-05-07 19:28:32"}
{"level":"info","message":"Starting server on port 3000","timestamp":"2025-05-07 19:28:32"}
{"level":"info","message":"Database is configured for: urlShortener","timestamp":"2025-05-07 19:28:40"}
{"level":"info","message":"Attempting to Start server on port 3000","timestamp":"2025-05-07 19:28:40"}
{"level":"info","message":"Client connected from Pool (Total count: 1","timestamp":"2025-05-07 19:28:40"}
{"level":"info","message":"Database connection pool established successfully","timestamp":"2025-05-07 19:28:40"}
{"level":"info","message":"Initializing database schema...","timestamp":"2025-05-07 19:28:40"}
{"level":"info","message":"Database schema initialized successfully","timestamp":"2025-05-07 19:28:40"}
{"level":"info","message":"Starting server on port 3000","timestamp":"2025-05-07 19:28:40"}
{"level":"info","message":"Starting server on port 3000","timestamp":"2025-05-07 19:28:40"}
{"level":"info","message":"Database is configured for: urlShortener","timestamp":"2025-05-07 19:28:43"}
{"level":"info","message":"Attempting to Start server on port 3000","timestamp":"2025-05-07 19:28:43"}
{"level":"info","message":"Client connected from Pool (Total count: 1","timestamp":"2025-05-07 19:28:43"}
{"level":"info","message":"Database connection pool established successfully","timestamp":"2025-05-07 19:28:43"}
{"level":"info","message":"Initializing database schema...","timestamp":"2025-05-07 19:28:43"}
{"level":"info","message":"Database schema initialized successfully","timestamp":"2025-05-07 19:28:43"}
{"level":"info","message":"Starting server on port 3000","timestamp":"2025-05-07 19:28:43"}
{"level":"info","message":"Starting server on port 3000","timestamp":"2025-05-07 19:28:43"}
{"level":"info","message":"Database is configured for: urlShortener","timestamp":"2025-05-07 19:28:47"}
{"level":"info","message":"Attempting to Start server on port 3000","timestamp":"2025-05-07 19:28:47"}
{"level":"info","message":"Client connected from Pool (Total count: 1","timestamp":"2025-05-07 19:28:47"}
{"level":"info","message":"Database connection pool established successfully","timestamp":"2025-05-07 19:28:47"}
{"level":"info","message":"Initializing database schema...","timestamp":"2025-05-07 19:28:47"}
{"level":"info","message":"Database schema initialized successfully","timestamp":"2025-05-07 19:28:47"}
{"level":"info","message":"Starting server on port 3000","timestamp":"2025-05-07 19:28:47"}
{"level":"info","message":"Starting server on port 3000","timestamp":"2025-05-07 19:28:47"}
{"level":"info","message":"Database is configured for: urlShortener","timestamp":"2025-05-07 19:28:50"}
{"level":"info","message":"Attempting to Start server on port 3000","timestamp":"2025-05-07 19:28:50"}
{"level":"info","message":"Client connected from Pool (Total count: 1","timestamp":"2025-05-07 19:28:50"}
{"level":"info","message":"Database connection pool established successfully","timestamp":"2025-05-07 19:28:50"}
{"level":"info","message":"Initializing database schema...","timestamp":"2025-05-07 19:28:50"}
{"level":"info","message":"Database schema initialized successfully","timestamp":"2025-05-07 19:28:51"}
{"level":"info","message":"Starting server on port 3000","timestamp":"2025-05-07 19:28:51"}
{"level":"info","message":"Starting server on port 3000","timestamp":"2025-05-07 19:28:51"}
{"level":"info","message":"Database is configured for: urlShortener","timestamp":"2025-05-07 19:28:54"}
{"level":"info","message":"Attempting to Start server on port 3000","timestamp":"2025-05-07 19:28:54"}
{"level":"info","message":"Client connected from Pool (Total count: 1","timestamp":"2025-05-07 19:28:54"}
{"level":"info","message":"Database connection pool established successfully","timestamp":"2025-05-07 19:28:54"}
{"level":"info","message":"Initializing database schema...","timestamp":"2025-05-07 19:28:54"}
{"level":"info","message":"Database schema initialized successfully","timestamp":"2025-05-07 19:28:54"}
{"level":"info","message":"Starting server on port 3000","timestamp":"2025-05-07 19:28:54"}
{"level":"info","message":"Starting server on port 3000","timestamp":"2025-05-07 19:28:54"}
{"level":"info","message":"Database is configured for: urlShortener","timestamp":"2025-05-07 19:28:57"}
{"level":"info","message":"Attempting to Start server on port 3000","timestamp":"2025-05-07 19:28:57"}
{"level":"info","message":"Client connected from Pool (Total count: 1","timestamp":"2025-05-07 19:28:57"}
{"level":"info","message":"Database connection pool established successfully","timestamp":"2025-05-07 19:28:57"}
{"level":"info","message":"Initializing database schema...","timestamp":"2025-05-07 19:28:57"}
{"level":"info","message":"Database schema initialized successfully","timestamp":"2025-05-07 19:28:57"}
{"level":"info","message":"Starting server on port 3000","timestamp":"2025-05-07 19:28:57"}
{"level":"info","message":"Starting server on port 3000","timestamp":"2025-05-07 19:28:57"}
{"level":"info","message":"Database is configured for: urlShortener","timestamp":"2025-05-07 19:29:11"}
{"level":"info","message":"Attempting to Start server on port 3000","timestamp":"2025-05-07 19:29:11"}
{"level":"info","message":"Client connected from Pool (Total count: 1","timestamp":"2025-05-07 19:29:11"}
{"level":"info","message":"Database connection pool established successfully","timestamp":"2025-05-07 19:29:11"}
{"level":"info","message":"Initializing database schema...","timestamp":"2025-05-07 19:29:11"}
{"level":"info","message":"Database schema initialized successfully","timestamp":"2025-05-07 19:29:12"}
{"level":"info","message":"Starting server on port 3000","timestamp":"2025-05-07 19:29:12"}
{"level":"info","message":"Starting server on port 3000","timestamp":"2025-05-07 19:29:12"}
{"level":"info","message":"Database is configured for: urlShortener","timestamp":"2025-05-07 19:29:17"}
{"level":"info","message":"Attempting to Start server on port 3000","timestamp":"2025-05-07 19:29:17"}
{"level":"info","message":"Client connected from Pool (Total count: 1","timestamp":"2025-05-07 19:29:17"}
{"level":"info","message":"Database connection pool established successfully","timestamp":"2025-05-07 19:29:17"}
{"level":"info","message":"Initializing database schema...","timestamp":"2025-05-07 19:29:17"}
{"level":"info","message":"Database schema initialized successfully","timestamp":"2025-05-07 19:29:17"}
{"level":"info","message":"Starting server on port 3000","timestamp":"2025-05-07 19:29:17"}
{"level":"info","message":"Starting server on port 3000","timestamp":"2025-05-07 19:29:17"}
{"level":"info","message":"Database is configured for: urlShortener","timestamp":"2025-05-07 19:29:22"}
{"level":"info","message":"Attempting to Start server on port 3000","timestamp":"2025-05-07 19:29:22"}
{"level":"info","message":"Client connected from Pool (Total count: 1","timestamp":"2025-05-07 19:29:22"}
{"level":"info","message":"Database connection pool established successfully","timestamp":"2025-05-07 19:29:22"}
{"level":"info","message":"Initializing database schema...","timestamp":"2025-05-07 19:29:22"}
{"level":"info","message":"Database schema initialized successfully","timestamp":"2025-05-07 19:29:22"}
{"level":"info","message":"Starting server on port 3000","timestamp":"2025-05-07 19:29:22"}
{"level":"info","message":"Starting server on port 3000","timestamp":"2025-05-07 19:29:22"}
{"level":"info","message":"Database is configured for: urlShortener","timestamp":"2025-05-07 19:29:23"}
{"level":"info","message":"Attempting to Start server on port 3000","timestamp":"2025-05-07 19:29:23"}
{"level":"info","message":"Client connected from Pool (Total count: 1","timestamp":"2025-05-07 19:29:23"}
{"level":"info","message":"Database connection pool established successfully","timestamp":"2025-05-07 19:29:23"}
{"level":"info","message":"Initializing database schema...","timestamp":"2025-05-07 19:29:23"}
{"level":"info","message":"Database schema initialized successfully","timestamp":"2025-05-07 19:29:23"}
{"level":"info","message":"Starting server on port 3000","timestamp":"2025-05-07 19:29:23"}
{"level":"info","message":"Starting server on port 3000","timestamp":"2025-05-07 19:29:23"}
{"level":"info","message":"Database is configured for: urlShortener","timestamp":"2025-05-07 19:29:27"}
{"level":"info","message":"Attempting to Start server on port 3000","timestamp":"2025-05-07 19:29:27"}
{"level":"info","message":"Client connected from Pool (Total count: 1","timestamp":"2025-05-07 19:29:27"}
{"level":"info","message":"Database connection pool established successfully","timestamp":"2025-05-07 19:29:27"}
{"level":"info","message":"Initializing database schema...","timestamp":"2025-05-07 19:29:27"}
{"level":"info","message":"Database schema initialized successfully","timestamp":"2025-05-07 19:29:27"}
{"level":"info","message":"Starting server on port 3000","timestamp":"2025-05-07 19:29:27"}
{"level":"info","message":"Starting server on port 3000","timestamp":"2025-05-07 19:29:27"}
{"level":"info","message":"Database is configured for: urlShortener","timestamp":"2025-05-07 19:30:19"}
{"level":"info","message":"Attempting to Start server on port 3000","timestamp":"2025-05-07 19:30:20"}
{"level":"info","message":"Client connected from Pool (Total count: 1","timestamp":"2025-05-07 19:30:20"}
{"level":"info","message":"Database connection pool established successfully","timestamp":"2025-05-07 19:30:20"}
{"level":"info","message":"Initializing database schema...","timestamp":"2025-05-07 19:30:20"}
{"level":"info","message":"Database schema initialized successfully","timestamp":"2025-05-07 19:30:20"}
{"level":"info","message":"Starting server on port 3000","timestamp":"2025-05-07 19:30:20"}
{"level":"info","message":"Starting server on port 3000","timestamp":"2025-05-07 19:30:20"}
{"level":"info","message":"Database is configured for: urlShortener","timestamp":"2025-05-07 19:30:22"}
{"level":"info","message":"Attempting to Start server on port 3000","timestamp":"2025-05-07 19:30:23"}
{"level":"info","message":"Client connected from Pool (Total count: 1","timestamp":"2025-05-07 19:30:23"}
{"level":"info","message":"Database connection pool established successfully","timestamp":"2025-05-07 19:30:23"}
{"level":"info","message":"Initializing database schema...","timestamp":"2025-05-07 19:30:23"}
{"level":"info","message":"Database schema initialized successfully","timestamp":"2025-05-07 19:30:23"}
{"level":"info","message":"Starting server on port 3000","timestamp":"2025-05-07 19:30:23"}
{"level":"info","message":"Starting server on port 3000","timestamp":"2025-05-07 19:30:23"}
{"level":"info","message":"Database is configured for: urlShortener","timestamp":"2025-05-07 19:30:28"}
{"level":"info","message":"Attempting to Start server on port 3000","timestamp":"2025-05-07 19:30:28"}
{"level":"info","message":"Client connected from Pool (Total count: 1","timestamp":"2025-05-07 19:30:28"}
{"level":"info","message":"Database connection pool established successfully","timestamp":"2025-05-07 19:30:28"}
{"level":"info","message":"Initializing database schema...","timestamp":"2025-05-07 19:30:28"}
{"level":"info","message":"Database schema initialized successfully","timestamp":"2025-05-07 19:30:28"}
{"level":"info","message":"Starting server on port 3000","timestamp":"2025-05-07 19:30:28"}
{"level":"info","message":"Starting server on port 3000","timestamp":"2025-05-07 19:30:28"}
{"level":"info","message":"Database is configured for: urlShortener","timestamp":"2025-05-07 19:30:31"}
{"level":"info","message":"Attempting to Start server on port 3000","timestamp":"2025-05-07 19:30:31"}
{"level":"info","message":"Client connected from Pool (Total count: 1","timestamp":"2025-05-07 19:30:31"}
{"level":"info","message":"Database connection pool established successfully","timestamp":"2025-05-07 19:30:31"}
{"level":"info","message":"Initializing database schema...","timestamp":"2025-05-07 19:30:31"}
{"level":"info","message":"Database schema initialized successfully","timestamp":"2025-05-07 19:30:31"}
{"level":"info","message":"Starting server on port 3000","timestamp":"2025-05-07 19:30:31"}
{"level":"info","message":"Starting server on port 3000","timestamp":"2025-05-07 19:30:31"}
{"level":"info","message":"Database is configured for: urlShortener","timestamp":"2025-05-07 19:30:33"}
{"level":"info","message":"Attempting to Start server on port 3000","timestamp":"2025-05-07 19:30:34"}
{"level":"info","message":"Client connected from Pool (Total count: 1","timestamp":"2025-05-07 19:30:34"}
{"level":"info","message":"Database connection pool established successfully","timestamp":"2025-05-07 19:30:34"}
{"level":"info","message":"Initializing database schema...","timestamp":"2025-05-07 19:30:34"}
{"level":"info","message":"Database schema initialized successfully","timestamp":"2025-05-07 19:30:34"}
{"level":"info","message":"Starting server on port 3000","timestamp":"2025-05-07 19:30:34"}
{"level":"info","message":"Starting server on port 3000","timestamp":"2025-05-07 19:30:34"}
{"level":"info","message":"Database is configured for: urlShortener","timestamp":"2025-05-07 19:30:38"}
{"level":"info","message":"Attempting to Start server on port 3000","timestamp":"2025-05-07 19:30:38"}
{"level":"info","message":"Client connected from Pool (Total count: 1","timestamp":"2025-05-07 19:30:38"}
{"level":"info","message":"Database connection pool established successfully","timestamp":"2025-05-07 19:30:38"}
{"level":"info","message":"Initializing database schema...","timestamp":"2025-05-07 19:30:38"}
{"level":"info","message":"Database schema initialized successfully","timestamp":"2025-05-07 19:30:38"}
{"level":"info","message":"Starting server on port 3000","timestamp":"2025-05-07 19:30:38"}
{"level":"info","message":"Starting server on port 3000","timestamp":"2025-05-07 19:30:38"}
{"level":"info","message":"Database is configured for: urlShortener","timestamp":"2025-05-07 19:30:40"}
{"level":"info","message":"Attempting to Start server on port 3000","timestamp":"2025-05-07 19:30:40"}
{"level":"info","message":"Client connected from Pool (Total count: 1","timestamp":"2025-05-07 19:30:40"}
{"level":"info","message":"Database connection pool established successfully","timestamp":"2025-05-07 19:30:40"}
{"level":"info","message":"Initializing database schema...","timestamp":"2025-05-07 19:30:40"}
{"level":"info","message":"Database schema initialized successfully","timestamp":"2025-05-07 19:30:40"}
{"level":"info","message":"Starting server on port 3000","timestamp":"2025-05-07 19:30:40"}
{"level":"info","message":"Starting server on port 3000","timestamp":"2025-05-07 19:30:40"}
{"level":"info","message":"Database is configured for: urlShortener","timestamp":"2025-05-07 19:30:41"}
{"level":"info","message":"Attempting to Start server on port 3000","timestamp":"2025-05-07 19:30:41"}
{"level":"info","message":"Client connected from Pool (Total count: 1","timestamp":"2025-05-07 19:30:41"}
{"level":"info","message":"Database connection pool established successfully","timestamp":"2025-05-07 19:30:41"}
{"level":"info","message":"Initializing database schema...","timestamp":"2025-05-07 19:30:41"}
{"level":"info","message":"Database schema initialized successfully","timestamp":"2025-05-07 19:30:41"}
{"level":"info","message":"Starting server on port 3000","timestamp":"2025-05-07 19:30:41"}
{"level":"info","message":"Starting server on port 3000","timestamp":"2025-05-07 19:30:41"}
{"level":"info","message":"Database is configured for: urlShortener","timestamp":"2025-05-07 19:30:43"}
{"level":"info","message":"Attempting to Start server on port 3000","timestamp":"2025-05-07 19:30:43"}
{"level":"info","message":"Client connected from Pool (Total count: 1","timestamp":"2025-05-07 19:30:43"}
{"level":"info","message":"Database connection pool established successfully","timestamp":"2025-05-07 19:30:43"}
{"level":"info","message":"Initializing database schema...","timestamp":"2025-05-07 19:30:43"}
{"level":"info","message":"Database schema initialized successfully","timestamp":"2025-05-07 19:30:43"}
{"level":"info","message":"Starting server on port 3000","timestamp":"2025-05-07 19:30:43"}
{"level":"info","message":"Starting server on port 3000","timestamp":"2025-05-07 19:30:43"}
{"level":"info","message":"Database is configured for: urlShortener","timestamp":"2025-05-07 19:30:47"}
{"level":"info","message":"Attempting to Start server on port 3000","timestamp":"2025-05-07 19:30:47"}
{"level":"info","message":"Client connected from Pool (Total count: 1","timestamp":"2025-05-07 19:30:47"}
{"level":"info","message":"Database connection pool established successfully","timestamp":"2025-05-07 19:30:47"}
{"level":"info","message":"Initializing database schema...","timestamp":"2025-05-07 19:30:47"}
{"level":"info","message":"Database schema initialized successfully","timestamp":"2025-05-07 19:30:47"}
{"level":"info","message":"Starting server on port 3000","timestamp":"2025-05-07 19:30:47"}
{"level":"info","message":"Starting server on port 3000","timestamp":"2025-05-07 19:30:47"}
{"level":"info","message":"Database is configured for: urlShortener","timestamp":"2025-05-07 19:30:48"}
{"level":"info","message":"Attempting to Start server on port 3000","timestamp":"2025-05-07 19:30:48"}
{"level":"info","message":"Client connected from Pool (Total count: 1","timestamp":"2025-05-07 19:30:48"}
{"level":"info","message":"Database connection pool established successfully","timestamp":"2025-05-07 19:30:48"}
{"level":"info","message":"Initializing database schema...","timestamp":"2025-05-07 19:30:48"}
{"level":"info","message":"Database schema initialized successfully","timestamp":"2025-05-07 19:30:48"}
{"level":"info","message":"Starting server on port 3000","timestamp":"2025-05-07 19:30:48"}
{"level":"info","message":"Starting server on port 3000","timestamp":"2025-05-07 19:30:48"}
{"level":"info","message":"Database is configured for: urlShortener","timestamp":"2025-05-07 19:30:50"}
{"level":"info","message":"Attempting to Start server on port 3000","timestamp":"2025-05-07 19:30:50"}
{"level":"info","message":"Client connected from Pool (Total count: 1","timestamp":"2025-05-07 19:30:50"}
{"level":"info","message":"Database connection pool established successfully","timestamp":"2025-05-07 19:30:50"}
{"level":"info","message":"Initializing database schema...","timestamp":"2025-05-07 19:30:50"}
{"level":"info","message":"Database schema initialized successfully","timestamp":"2025-05-07 19:30:50"}
{"level":"info","message":"Starting server on port 3000","timestamp":"2025-05-07 19:30:50"}
{"level":"info","message":"Starting server on port 3000","timestamp":"2025-05-07 19:30:50"}
{"level":"info","message":"Database is configured for: urlShortener","timestamp":"2025-05-07 19:30:55"}
{"level":"info","message":"Attempting to Start server on port 3000","timestamp":"2025-05-07 19:30:55"}
{"level":"info","message":"Client connected from Pool (Total count: 1","timestamp":"2025-05-07 19:30:55"}
{"level":"info","message":"Database connection pool established successfully","timestamp":"2025-05-07 19:30:55"}
{"level":"info","message":"Initializing database schema...","timestamp":"2025-05-07 19:30:55"}
{"level":"info","message":"Database schema initialized successfully","timestamp":"2025-05-07 19:30:55"}
{"level":"info","message":"Starting server on port 3000","timestamp":"2025-05-07 19:30:55"}
{"level":"info","message":"Starting server on port 3000","timestamp":"2025-05-07 19:30:55"}
{"level":"info","message":"Database is configured for: urlShortener","timestamp":"2025-05-07 19:30:59"}
{"level":"info","message":"Attempting to Start server on port 3000","timestamp":"2025-05-07 19:30:59"}
{"level":"info","message":"Client connected from Pool (Total count: 1","timestamp":"2025-05-07 19:30:59"}
{"level":"info","message":"Database connection pool established successfully","timestamp":"2025-05-07 19:30:59"}
{"level":"info","message":"Initializing database schema...","timestamp":"2025-05-07 19:30:59"}
{"level":"info","message":"Database schema initialized successfully","timestamp":"2025-05-07 19:30:59"}
{"level":"info","message":"Starting server on port 3000","timestamp":"2025-05-07 19:30:59"}
{"level":"info","message":"Starting server on port 3000","timestamp":"2025-05-07 19:30:59"}
{"level":"info","message":"Database is configured for: urlShortener","timestamp":"2025-05-07 19:31:03"}
{"level":"info","message":"Attempting to Start server on port 3000","timestamp":"2025-05-07 19:31:04"}
{"level":"info","message":"Client connected from Pool (Total count: 1","timestamp":"2025-05-07 19:31:04"}
{"level":"info","message":"Database connection pool established successfully","timestamp":"2025-05-07 19:31:04"}
{"level":"info","message":"Initializing database schema...","timestamp":"2025-05-07 19:31:04"}
{"level":"info","message":"Database schema initialized successfully","timestamp":"2025-05-07 19:31:04"}
{"level":"info","message":"Starting server on port 3000","timestamp":"2025-05-07 19:31:04"}
{"level":"info","message":"Starting server on port 3000","timestamp":"2025-05-07 19:31:04"}
{"level":"info","message":"Database is configured for: urlShortener","timestamp":"2025-05-07 19:31:05"}
{"level":"info","message":"Attempting to Start server on port 3000","timestamp":"2025-05-07 19:31:06"}
{"level":"info","message":"Client connected from Pool (Total count: 1","timestamp":"2025-05-07 19:31:06"}
{"level":"info","message":"Database connection pool established successfully","timestamp":"2025-05-07 19:31:06"}
{"level":"info","message":"Initializing database schema...","timestamp":"2025-05-07 19:31:06"}
{"level":"info","message":"Database schema initialized successfully","timestamp":"2025-05-07 19:31:06"}
{"level":"info","message":"Starting server on port 3000","timestamp":"2025-05-07 19:31:06"}
{"level":"info","message":"Starting server on port 3000","timestamp":"2025-05-07 19:31:06"}
{"level":"info","message":"Database is configured for: urlShortener","timestamp":"2025-05-07 19:31:07"}
{"level":"info","message":"Attempting to Start server on port 3000","timestamp":"2025-05-07 19:31:07"}
{"level":"info","message":"Client connected from Pool (Total count: 1","timestamp":"2025-05-07 19:31:07"}
{"level":"info","message":"Database connection pool established successfully","timestamp":"2025-05-07 19:31:07"}
{"level":"info","message":"Initializing database schema...","timestamp":"2025-05-07 19:31:07"}
{"level":"info","message":"Database schema initialized successfully","timestamp":"2025-05-07 19:31:07"}
{"level":"info","message":"Starting server on port 3000","timestamp":"2025-05-07 19:31:07"}
{"level":"info","message":"Starting server on port 3000","timestamp":"2025-05-07 19:31:07"}
{"level":"info","message":"Database is configured for: urlShortener","timestamp":"2025-05-07 19:31:14"}
{"level":"info","message":"Attempting to Start server on port 3000","timestamp":"2025-05-07 19:31:14"}
{"level":"info","message":"Client connected from Pool (Total count: 1","timestamp":"2025-05-07 19:31:14"}
{"level":"info","message":"Database connection pool established successfully","timestamp":"2025-05-07 19:31:14"}
{"level":"info","message":"Initializing database schema...","timestamp":"2025-05-07 19:31:14"}
{"level":"info","message":"Database schema initialized successfully","timestamp":"2025-05-07 19:31:14"}
{"level":"info","message":"Starting server on port 3000","timestamp":"2025-05-07 19:31:14"}
{"level":"info","message":"Starting server on port 3000","timestamp":"2025-05-07 19:31:14"}
{"level":"info","message":"Database is configured for: urlShortener","timestamp":"2025-05-07 19:31:16"}
{"level":"info","message":"Attempting to Start server on port 3000","timestamp":"2025-05-07 19:31:16"}
{"level":"info","message":"Client connected from Pool (Total count: 1","timestamp":"2025-05-07 19:31:16"}
{"level":"info","message":"Database connection pool established successfully","timestamp":"2025-05-07 19:31:16"}
{"level":"info","message":"Initializing database schema...","timestamp":"2025-05-07 19:31:16"}
{"level":"info","message":"Database schema initialized successfully","timestamp":"2025-05-07 19:31:16"}
{"level":"info","message":"Starting server on port 3000","timestamp":"2025-05-07 19:31:16"}
{"level":"info","message":"Starting server on port 3000","timestamp":"2025-05-07 19:31:16"}
{"level":"info","message":"Database is configured for: urlShortener","timestamp":"2025-05-07 19:31:18"}
{"level":"info","message":"Attempting to Start server on port 3000","timestamp":"2025-05-07 19:31:18"}
{"level":"info","message":"Client connected from Pool (Total count: 1","timestamp":"2025-05-07 19:31:18"}
{"level":"info","message":"Database connection pool established successfully","timestamp":"2025-05-07 19:31:18"}
{"level":"info","message":"Initializing database schema...","timestamp":"2025-05-07 19:31:18"}
{"level":"info","message":"Database schema initialized successfully","timestamp":"2025-05-07 19:31:18"}
{"level":"info","message":"Starting server on port 3000","timestamp":"2025-05-07 19:31:18"}
{"level":"info","message":"Starting server on port 3000","timestamp":"2025-05-07 19:31:18"}
{"level":"info","message":"Database is configured for: urlShortener","timestamp":"2025-05-07 19:31:42"}
{"level":"info","message":"Attempting to Start server on port 3000","timestamp":"2025-05-07 19:31:42"}
{"level":"info","message":"Client connected from Pool (Total count: 1","timestamp":"2025-05-07 19:31:42"}
{"level":"info","message":"Database connection pool established successfully","timestamp":"2025-05-07 19:31:42"}
{"level":"info","message":"Initializing database schema...","timestamp":"2025-05-07 19:31:42"}
{"level":"info","message":"Database schema initialized successfully","timestamp":"2025-05-07 19:31:42"}
{"level":"info","message":"Starting server on port 3000","timestamp":"2025-05-07 19:31:42"}
{"level":"info","message":"Starting server on port 3000","timestamp":"2025-05-07 19:31:42"}
{"level":"info","message":"Database is configured for: urlShortener","timestamp":"2025-05-07 19:31:47"}
{"level":"info","message":"Attempting to Start server on port 3000","timestamp":"2025-05-07 19:31:47"}
{"level":"info","message":"Client connected from Pool (Total count: 1","timestamp":"2025-05-07 19:31:47"}
{"level":"info","message":"Database connection pool established successfully","timestamp":"2025-05-07 19:31:47"}
{"level":"info","message":"Initializing database schema...","timestamp":"2025-05-07 19:31:47"}
{"level":"info","message":"Database schema initialized successfully","timestamp":"2025-05-07 19:31:47"}
{"level":"info","message":"Starting server on port 3000","timestamp":"2025-05-07 19:31:47"}
{"level":"info","message":"Starting server on port 3000","timestamp":"2025-05-07 19:31:47"}
{"level":"info","message":"Database is configured for: urlShortener","timestamp":"2025-05-07 19:31:50"}
{"level":"info","message":"Attempting to Start server on port 3000","timestamp":"2025-05-07 19:31:50"}
{"level":"info","message":"Client connected from Pool (Total count: 1","timestamp":"2025-05-07 19:31:50"}
{"level":"info","message":"Database connection pool established successfully","timestamp":"2025-05-07 19:31:50"}
{"level":"info","message":"Initializing database schema...","timestamp":"2025-05-07 19:31:50"}
{"level":"info","message":"Database schema initialized successfully","timestamp":"2025-05-07 19:31:50"}
{"level":"info","message":"Starting server on port 3000","timestamp":"2025-05-07 19:31:50"}
{"level":"info","message":"Starting server on port 3000","timestamp":"2025-05-07 19:31:50"}
{"level":"info","message":"Database is configured for: urlShortener","timestamp":"2025-05-07 19:31:54"}
{"level":"info","message":"Attempting to Start server on port 3000","timestamp":"2025-05-07 19:31:54"}
{"level":"info","message":"Client connected from Pool (Total count: 1","timestamp":"2025-05-07 19:31:54"}
{"level":"info","message":"Database connection pool established successfully","timestamp":"2025-05-07 19:31:54"}
{"level":"info","message":"Initializing database schema...","timestamp":"2025-05-07 19:31:54"}
{"level":"info","message":"Database schema initialized successfully","timestamp":"2025-05-07 19:31:54"}
{"level":"info","message":"Starting server on port 3000","timestamp":"2025-05-07 19:31:54"}
{"level":"info","message":"Starting server on port 3000","timestamp":"2025-05-07 19:31:54"}
{"level":"info","message":"Database is configured for: urlShortener","timestamp":"2025-05-07 19:31:55"}
{"level":"info","message":"Attempting to Start server on port 3000","timestamp":"2025-05-07 19:31:55"}
{"level":"info","message":"Client connected from Pool (Total count: 1","timestamp":"2025-05-07 19:31:55"}
{"level":"info","message":"Database connection pool established successfully","timestamp":"2025-05-07 19:31:55"}
{"level":"info","message":"Initializing database schema...","timestamp":"2025-05-07 19:31:55"}
{"level":"info","message":"Database schema initialized successfully","timestamp":"2025-05-07 19:31:55"}
{"level":"info","message":"Starting server on port 3000","timestamp":"2025-05-07 19:31:55"}
{"level":"info","message":"Starting server on port 3000","timestamp":"2025-05-07 19:31:55"}
{"level":"info","message":"Database is configured for: urlShortener","timestamp":"2025-05-07 19:32:00"}
{"level":"info","message":"Attempting to Start server on port 3000","timestamp":"2025-05-07 19:32:00"}
{"level":"info","message":"Client connected from Pool (Total count: 1","timestamp":"2025-05-07 19:32:00"}
{"level":"info","message":"Database connection pool established successfully","timestamp":"2025-05-07 19:32:00"}
{"level":"info","message":"Initializing database schema...","timestamp":"2025-05-07 19:32:00"}
{"level":"info","message":"Database schema initialized successfully","timestamp":"2025-05-07 19:32:00"}
{"level":"info","message":"Starting server on port 3000","timestamp":"2025-05-07 19:32:00"}
{"level":"info","message":"Starting server on port 3000","timestamp":"2025-05-07 19:32:00"}
{"level":"info","message":"Database is configured for: urlShortener","timestamp":"2025-05-07 19:32:03"}
{"level":"info","message":"Attempting to Start server on port 3000","timestamp":"2025-05-07 19:32:04"}
{"level":"info","message":"Client connected from Pool (Total count: 1","timestamp":"2025-05-07 19:32:04"}
{"level":"info","message":"Database connection pool established successfully","timestamp":"2025-05-07 19:32:04"}
{"level":"info","message":"Initializing database schema...","timestamp":"2025-05-07 19:32:04"}
{"level":"info","message":"Database schema initialized successfully","timestamp":"2025-05-07 19:32:04"}
{"level":"info","message":"Starting server on port 3000","timestamp":"2025-05-07 19:32:04"}
{"level":"info","message":"Starting server on port 3000","timestamp":"2025-05-07 19:32:04"}
{"level":"info","message":"Database is configured for: urlShortener","timestamp":"2025-05-07 19:32:06"}
{"level":"info","message":"Attempting to Start server on port 3000","timestamp":"2025-05-07 19:32:06"}
{"level":"info","message":"Client connected from Pool (Total count: 1","timestamp":"2025-05-07 19:32:06"}
{"level":"info","message":"Database connection pool established successfully","timestamp":"2025-05-07 19:32:06"}
{"level":"info","message":"Initializing database schema...","timestamp":"2025-05-07 19:32:06"}
{"level":"info","message":"Database schema initialized successfully","timestamp":"2025-05-07 19:32:06"}
{"level":"info","message":"Starting server on port 3000","timestamp":"2025-05-07 19:32:06"}
{"level":"info","message":"Starting server on port 3000","timestamp":"2025-05-07 19:32:06"}
{"level":"info","message":"Database is configured for: urlShortener","timestamp":"2025-05-07 19:32:07"}
{"level":"info","message":"Attempting to Start server on port 3000","timestamp":"2025-05-07 19:32:07"}
{"level":"info","message":"Client connected from Pool (Total count: 1","timestamp":"2025-05-07 19:32:07"}
{"level":"info","message":"Database connection pool established successfully","timestamp":"2025-05-07 19:32:07"}
{"level":"info","message":"Initializing database schema...","timestamp":"2025-05-07 19:32:07"}
{"level":"info","message":"Database schema initialized successfully","timestamp":"2025-05-07 19:32:07"}
{"level":"info","message":"Starting server on port 3000","timestamp":"2025-05-07 19:32:07"}
{"level":"info","message":"Starting server on port 3000","timestamp":"2025-05-07 19:32:07"}
{"level":"info","message":"Database is configured for: urlShortener","timestamp":"2025-05-07 19:32:15"}
{"level":"info","message":"Attempting to Start server on port 3000","timestamp":"2025-05-07 19:32:15"}
{"level":"info","message":"Client connected from Pool (Total count: 1","timestamp":"2025-05-07 19:32:15"}
{"level":"info","message":"Database connection pool established successfully","timestamp":"2025-05-07 19:32:15"}
{"level":"info","message":"Initializing database schema...","timestamp":"2025-05-07 19:32:15"}
{"level":"info","message":"Database schema initialized successfully","timestamp":"2025-05-07 19:32:15"}
{"level":"info","message":"Starting server on port 3000","timestamp":"2025-05-07 19:32:15"}
{"level":"info","message":"Starting server on port 3000","timestamp":"2025-05-07 19:32:15"}
{"level":"info","message":"Database is configured for: urlShortener","timestamp":"2025-05-07 19:32:18"}
{"level":"info","message":"Attempting to Start server on port 3000","timestamp":"2025-05-07 19:32:19"}
{"level":"info","message":"Client connected from Pool (Total count: 1","timestamp":"2025-05-07 19:32:19"}
{"level":"info","message":"Database connection pool established successfully","timestamp":"2025-05-07 19:32:19"}
{"level":"info","message":"Initializing database schema...","timestamp":"2025-05-07 19:32:19"}
{"level":"info","message":"Database schema initialized successfully","timestamp":"2025-05-07 19:32:19"}
{"level":"info","message":"Starting server on port 3000","timestamp":"2025-05-07 19:32:19"}
{"level":"info","message":"Starting server on port 3000","timestamp":"2025-05-07 19:32:19"}
{"level":"info","message":"Database is configured for: urlShortener","timestamp":"2025-05-07 19:32:20"}
{"level":"info","message":"Attempting to Start server on port 3000","timestamp":"2025-05-07 19:32:21"}
{"level":"info","message":"Client connected from Pool (Total count: 1","timestamp":"2025-05-07 19:32:21"}
{"level":"info","message":"Database connection pool established successfully","timestamp":"2025-05-07 19:32:21"}
{"level":"info","message":"Initializing database schema...","timestamp":"2025-05-07 19:32:21"}
{"level":"info","message":"Database schema initialized successfully","timestamp":"2025-05-07 19:32:21"}
{"level":"info","message":"Starting server on port 3000","timestamp":"2025-05-07 19:32:21"}
{"level":"info","message":"Starting server on port 3000","timestamp":"2025-05-07 19:32:21"}
{"level":"info","message":"Database is configured for: urlShortener","timestamp":"2025-05-07 19:32:22"}
{"level":"info","message":"Attempting to Start server on port 3000","timestamp":"2025-05-07 19:32:22"}
{"level":"info","message":"Client connected from Pool (Total count: 1","timestamp":"2025-05-07 19:32:23"}
{"level":"info","message":"Database connection pool established successfully","timestamp":"2025-05-07 19:32:23"}
{"level":"info","message":"Initializing database schema...","timestamp":"2025-05-07 19:32:23"}
{"level":"info","message":"Database schema initialized successfully","timestamp":"2025-05-07 19:32:23"}
{"level":"info","message":"Starting server on port 3000","timestamp":"2025-05-07 19:32:23"}
{"level":"info","message":"Starting server on port 3000","timestamp":"2025-05-07 19:32:23"}
{"level":"info","message":"Database is configured for: urlShortener","timestamp":"2025-05-07 19:32:25"}
{"level":"info","message":"Attempting to Start server on port 3000","timestamp":"2025-05-07 19:32:25"}
{"level":"info","message":"Client connected from Pool (Total count: 1","timestamp":"2025-05-07 19:32:25"}
{"level":"info","message":"Database connection pool established successfully","timestamp":"2025-05-07 19:32:25"}
{"level":"info","message":"Initializing database schema...","timestamp":"2025-05-07 19:32:25"}
{"level":"info","message":"Database schema initialized successfully","timestamp":"2025-05-07 19:32:25"}
{"level":"info","message":"Starting server on port 3000","timestamp":"2025-05-07 19:32:25"}
{"level":"info","message":"Starting server on port 3000","timestamp":"2025-05-07 19:32:25"}
{"level":"info","message":"Database is configured for: urlShortener","timestamp":"2025-05-07 19:32:27"}
{"level":"info","message":"Attempting to Start server on port 3000","timestamp":"2025-05-07 19:32:27"}
{"level":"info","message":"Client connected from Pool (Total count: 1","timestamp":"2025-05-07 19:32:27"}
{"level":"info","message":"Database connection pool established successfully","timestamp":"2025-05-07 19:32:27"}
{"level":"info","message":"Initializing database schema...","timestamp":"2025-05-07 19:32:27"}
{"level":"info","message":"Database schema initialized successfully","timestamp":"2025-05-07 19:32:27"}
{"level":"info","message":"Starting server on port 3000","timestamp":"2025-05-07 19:32:27"}
{"level":"info","message":"Starting server on port 3000","timestamp":"2025-05-07 19:32:27"}
{"level":"info","message":"Database is configured for: urlShortener","timestamp":"2025-05-07 19:32:30"}
{"level":"info","message":"Attempting to Start server on port 3000","timestamp":"2025-05-07 19:32:30"}
{"level":"info","message":"Client connected from Pool (Total count: 1","timestamp":"2025-05-07 19:32:31"}
{"level":"info","message":"Database connection pool established successfully","timestamp":"2025-05-07 19:32:31"}
{"level":"info","message":"Initializing database schema...","timestamp":"2025-05-07 19:32:31"}
{"level":"info","message":"Database schema initialized successfully","timestamp":"2025-05-07 19:32:31"}
{"level":"info","message":"Starting server on port 3000","timestamp":"2025-05-07 19:32:31"}
{"level":"info","message":"Starting server on port 3000","timestamp":"2025-05-07 19:32:31"}
{"level":"info","message":"Database is configured for: urlShortener","timestamp":"2025-05-07 19:32:32"}
{"level":"info","message":"Attempting to Start server on port 3000","timestamp":"2025-05-07 19:32:32"}
{"level":"info","message":"Client connected from Pool (Total count: 1","timestamp":"2025-05-07 19:32:32"}
{"level":"info","message":"Database connection pool established successfully","timestamp":"2025-05-07 19:32:32"}
{"level":"info","message":"Initializing database schema...","timestamp":"2025-05-07 19:32:32"}
{"level":"info","message":"Database schema initialized successfully","timestamp":"2025-05-07 19:32:32"}
{"level":"info","message":"Starting server on port 3000","timestamp":"2025-05-07 19:32:32"}
{"level":"info","message":"Starting server on port 3000","timestamp":"2025-05-07 19:32:32"}
{"level":"info","message":"Database is configured for: urlShortener","timestamp":"2025-05-07 19:32:35"}
{"level":"info","message":"Attempting to Start server on port 3000","timestamp":"2025-05-07 19:32:35"}
{"level":"info","message":"Client connected from Pool (Total count: 1","timestamp":"2025-05-07 19:32:35"}
{"level":"info","message":"Database connection pool established successfully","timestamp":"2025-05-07 19:32:35"}
{"level":"info","message":"Initializing database schema...","timestamp":"2025-05-07 19:32:35"}
{"level":"info","message":"Database schema initialized successfully","timestamp":"2025-05-07 19:32:35"}
{"level":"info","message":"Starting server on port 3000","timestamp":"2025-05-07 19:32:35"}
{"level":"info","message":"Starting server on port 3000","timestamp":"2025-05-07 19:32:35"}
{"level":"info","message":"Database is configured for: urlShortener","timestamp":"2025-05-07 19:32:39"}
{"level":"info","message":"Attempting to Start server on port 3000","timestamp":"2025-05-07 19:32:40"}
{"level":"info","message":"Client connected from Pool (Total count: 1","timestamp":"2025-05-07 19:32:40"}
{"level":"info","message":"Database connection pool established successfully","timestamp":"2025-05-07 19:32:40"}
{"level":"info","message":"Initializing database schema...","timestamp":"2025-05-07 19:32:40"}
{"level":"info","message":"Database schema initialized successfully","timestamp":"2025-05-07 19:32:40"}
{"level":"info","message":"Starting server on port 3000","timestamp":"2025-05-07 19:32:40"}
{"level":"info","message":"Starting server on port 3000","timestamp":"2025-05-07 19:32:40"}
{"level":"info","message":"Database is configured for: urlShortener","timestamp":"2025-05-07 19:32:45"}
{"level":"info","message":"Attempting to Start server on port 3000","timestamp":"2025-05-07 19:32:45"}
{"level":"info","message":"Client connected from Pool (Total count: 1","timestamp":"2025-05-07 19:32:45"}
{"level":"info","message":"Database connection pool established successfully","timestamp":"2025-05-07 19:32:45"}
{"level":"info","message":"Initializing database schema...","timestamp":"2025-05-07 19:32:45"}
{"level":"info","message":"Database schema initialized successfully","timestamp":"2025-05-07 19:32:45"}
{"level":"info","message":"Starting server on port 3000","timestamp":"2025-05-07 19:32:45"}
{"level":"info","message":"Starting server on port 3000","timestamp":"2025-05-07 19:32:45"}
{"level":"info","message":"Database is configured for: urlShortener","timestamp":"2025-05-07 19:32:47"}
{"level":"info","message":"Attempting to Start server on port 3000","timestamp":"2025-05-07 19:32:48"}
{"level":"info","message":"Client connected from Pool (Total count: 1","timestamp":"2025-05-07 19:32:48"}
{"level":"info","message":"Database connection pool established successfully","timestamp":"2025-05-07 19:32:48"}
{"level":"info","message":"Initializing database schema...","timestamp":"2025-05-07 19:32:48"}
{"level":"info","message":"Database schema initialized successfully","timestamp":"2025-05-07 19:32:48"}
{"level":"info","message":"Starting server on port 3000","timestamp":"2025-05-07 19:32:48"}
{"level":"info","message":"Starting server on port 3000","timestamp":"2025-05-07 19:32:48"}
{"level":"info","message":"Database is configured for: urlShortener","timestamp":"2025-05-07 19:32:50"}
{"level":"info","message":"Attempting to Start server on port 3000","timestamp":"2025-05-07 19:32:50"}
{"level":"info","message":"Client connected from Pool (Total count: 1","timestamp":"2025-05-07 19:32:50"}
{"level":"info","message":"Database connection pool established successfully","timestamp":"2025-05-07 19:32:50"}
{"level":"info","message":"Initializing database schema...","timestamp":"2025-05-07 19:32:50"}
{"level":"info","message":"Database schema initialized successfully","timestamp":"2025-05-07 19:32:50"}
{"level":"info","message":"Starting server on port 3000","timestamp":"2025-05-07 19:32:50"}
{"level":"info","message":"Starting server on port 3000","timestamp":"2025-05-07 19:32:50"}
{"level":"info","message":"Database is configured for: urlShortener","timestamp":"2025-05-07 19:32:53"}
{"level":"info","message":"Attempting to Start server on port 3000","timestamp":"2025-05-07 19:32:54"}
{"level":"info","message":"Client connected from Pool (Total count: 1","timestamp":"2025-05-07 19:32:54"}
{"level":"info","message":"Database connection pool established successfully","timestamp":"2025-05-07 19:32:54"}
{"level":"info","message":"Initializing database schema...","timestamp":"2025-05-07 19:32:54"}
{"level":"info","message":"Database schema initialized successfully","timestamp":"2025-05-07 19:32:54"}
{"level":"info","message":"Starting server on port 3000","timestamp":"2025-05-07 19:32:54"}
{"level":"info","message":"Starting server on port 3000","timestamp":"2025-05-07 19:32:54"}
{"level":"info","message":"Database is configured for: urlShortener","timestamp":"2025-05-07 19:32:55"}
{"level":"info","message":"Attempting to Start server on port 3000","timestamp":"2025-05-07 19:32:55"}
{"level":"info","message":"Client connected from Pool (Total count: 1","timestamp":"2025-05-07 19:32:55"}
{"level":"info","message":"Database connection pool established successfully","timestamp":"2025-05-07 19:32:55"}
{"level":"info","message":"Initializing database schema...","timestamp":"2025-05-07 19:32:55"}
{"level":"info","message":"Database schema initialized successfully","timestamp":"2025-05-07 19:32:55"}
{"level":"info","message":"Starting server on port 3000","timestamp":"2025-05-07 19:32:55"}
{"level":"info","message":"Starting server on port 3000","timestamp":"2025-05-07 19:32:55"}
{"level":"info","message":"Database is configured for: urlShortener","timestamp":"2025-05-07 19:33:00"}
{"level":"info","message":"Attempting to Start server on port 3000","timestamp":"2025-05-07 19:33:00"}
{"level":"info","message":"Client connected from Pool (Total count: 1","timestamp":"2025-05-07 19:33:00"}
{"level":"info","message":"Database connection pool established successfully","timestamp":"2025-05-07 19:33:00"}
{"level":"info","message":"Initializing database schema...","timestamp":"2025-05-07 19:33:00"}
{"level":"info","message":"Database schema initialized successfully","timestamp":"2025-05-07 19:33:00"}
{"level":"info","message":"Starting server on port 3000","timestamp":"2025-05-07 19:33:00"}
{"level":"info","message":"Starting server on port 3000","timestamp":"2025-05-07 19:33:00"}
{"level":"info","message":"Database is configured for: urlShortener","timestamp":"2025-05-07 19:33:05"}
{"level":"info","message":"Attempting to Start server on port 3000","timestamp":"2025-05-07 19:33:06"}
{"level":"info","message":"Client connected from Pool (Total count: 1","timestamp":"2025-05-07 19:33:06"}
{"level":"info","message":"Database connection pool established successfully","timestamp":"2025-05-07 19:33:06"}
{"level":"info","message":"Initializing database schema...","timestamp":"2025-05-07 19:33:06"}
{"level":"info","message":"Database schema initialized successfully","timestamp":"2025-05-07 19:33:06"}
{"level":"info","message":"Starting server on port 3000","timestamp":"2025-05-07 19:33:06"}
{"level":"info","message":"Starting server on port 3000","timestamp":"2025-05-07 19:33:06"}
{"level":"info","message":"Database is configured for: urlShortener","timestamp":"2025-05-07 19:33:09"}
{"level":"info","message":"Attempting to Start server on port 3000","timestamp":"2025-05-07 19:33:09"}
{"level":"info","message":"Client connected from Pool (Total count: 1","timestamp":"2025-05-07 19:33:09"}
{"level":"info","message":"Database connection pool established successfully","timestamp":"2025-05-07 19:33:09"}
{"level":"info","message":"Initializing database schema...","timestamp":"2025-05-07 19:33:09"}
{"level":"info","message":"Database schema initialized successfully","timestamp":"2025-05-07 19:33:09"}
{"level":"info","message":"Starting server on port 3000","timestamp":"2025-05-07 19:33:09"}
{"level":"info","message":"Starting server on port 3000","timestamp":"2025-05-07 19:33:09"}
{"level":"info","message":"Database is configured for: urlShortener","timestamp":"2025-05-07 19:33:13"}
{"level":"info","message":"Attempting to Start server on port 3000","timestamp":"2025-05-07 19:33:13"}
{"level":"info","message":"Client connected from Pool (Total count: 1","timestamp":"2025-05-07 19:33:13"}
{"level":"info","message":"Database connection pool established successfully","timestamp":"2025-05-07 19:33:13"}
{"level":"info","message":"Initializing database schema...","timestamp":"2025-05-07 19:33:13"}
{"level":"info","message":"Database schema initialized successfully","timestamp":"2025-05-07 19:33:13"}
{"level":"info","message":"Starting server on port 3000","timestamp":"2025-05-07 19:33:13"}
{"level":"info","message":"Starting server on port 3000","timestamp":"2025-05-07 19:33:13"}
{"level":"info","message":"Database is configured for: urlShortener","timestamp":"2025-05-07 19:33:32"}
{"level":"info","message":"Attempting to Start server on port 3000","timestamp":"2025-05-07 19:33:32"}
{"level":"info","message":"Client connected from Pool (Total count: 1","timestamp":"2025-05-07 19:33:32"}
{"level":"info","message":"Database connection pool established successfully","timestamp":"2025-05-07 19:33:32"}
{"level":"info","message":"Initializing database schema...","timestamp":"2025-05-07 19:33:32"}
{"level":"info","message":"Database schema initialized successfully","timestamp":"2025-05-07 19:33:32"}
{"level":"info","message":"Starting server on port 3000","timestamp":"2025-05-07 19:33:32"}
{"level":"info","message":"Starting server on port 3000","timestamp":"2025-05-07 19:33:32"}
{"level":"info","message":"Database is configured for: urlShortener","timestamp":"2025-05-07 19:33:39"}
{"level":"info","message":"Attempting to Start server on port 3000","timestamp":"2025-05-07 19:33:39"}
{"level":"info","message":"Client connected from Pool (Total count: 1","timestamp":"2025-05-07 19:33:39"}
{"level":"info","message":"Database connection pool established successfully","timestamp":"2025-05-07 19:33:39"}
{"level":"info","message":"Initializing database schema...","timestamp":"2025-05-07 19:33:39"}
{"level":"info","message":"Database schema initialized successfully","timestamp":"2025-05-07 19:33:39"}
{"level":"info","message":"Starting server on port 3000","timestamp":"2025-05-07 19:33:39"}
{"level":"info","message":"Starting server on port 3000","timestamp":"2025-05-07 19:33:39"}
{"level":"info","message":"Database is configured for: urlShortener","timestamp":"2025-05-07 19:33:41"}
{"level":"info","message":"Attempting to Start server on port 3000","timestamp":"2025-05-07 19:33:41"}
{"level":"info","message":"Client connected from Pool (Total count: 1","timestamp":"2025-05-07 19:33:41"}
{"level":"info","message":"Database connection pool established successfully","timestamp":"2025-05-07 19:33:41"}
{"level":"info","message":"Initializing database schema...","timestamp":"2025-05-07 19:33:41"}
{"level":"info","message":"Database schema initialized successfully","timestamp":"2025-05-07 19:33:41"}
{"level":"info","message":"Starting server on port 3000","timestamp":"2025-05-07 19:33:41"}
{"level":"info","message":"Starting server on port 3000","timestamp":"2025-05-07 19:33:41"}
{"level":"info","message":"Database is configured for: urlShortener","timestamp":"2025-05-07 19:33:45"}
{"level":"info","message":"Attempting to Start server on port 3000","timestamp":"2025-05-07 19:33:45"}
{"level":"info","message":"Client connected from Pool (Total count: 1","timestamp":"2025-05-07 19:33:45"}
{"level":"info","message":"Database connection pool established successfully","timestamp":"2025-05-07 19:33:45"}
{"level":"info","message":"Initializing database schema...","timestamp":"2025-05-07 19:33:45"}
{"level":"info","message":"Database schema initialized successfully","timestamp":"2025-05-07 19:33:45"}
{"level":"info","message":"Starting server on port 3000","timestamp":"2025-05-07 19:33:45"}
{"level":"info","message":"Starting server on port 3000","timestamp":"2025-05-07 19:33:45"}
{"level":"info","message":"Database is configured for: urlShortener","timestamp":"2025-05-07 19:33:50"}
{"level":"info","message":"Attempting to Start server on port 3000","timestamp":"2025-05-07 19:33:50"}
{"level":"info","message":"Client connected from Pool (Total count: 1","timestamp":"2025-05-07 19:33:50"}
{"level":"info","message":"Database connection pool established successfully","timestamp":"2025-05-07 19:33:50"}
{"level":"info","message":"Initializing database schema...","timestamp":"2025-05-07 19:33:50"}
{"level":"info","message":"Database schema initialized successfully","timestamp":"2025-05-07 19:33:50"}
{"level":"info","message":"Starting server on port 3000","timestamp":"2025-05-07 19:33:50"}
{"level":"info","message":"Starting server on port 3000","timestamp":"2025-05-07 19:33:50"}
{"level":"info","message":"Database is configured for: urlShortener","timestamp":"2025-05-07 19:33:51"}
{"level":"info","message":"Attempting to Start server on port 3000","timestamp":"2025-05-07 19:33:51"}
{"level":"info","message":"Client connected from Pool (Total count: 1","timestamp":"2025-05-07 19:33:51"}
{"level":"info","message":"Database connection pool established successfully","timestamp":"2025-05-07 19:33:51"}
{"level":"info","message":"Initializing database schema...","timestamp":"2025-05-07 19:33:51"}
{"level":"info","message":"Database schema initialized successfully","timestamp":"2025-05-07 19:33:51"}
{"level":"info","message":"Starting server on port 3000","timestamp":"2025-05-07 19:33:51"}
{"level":"info","message":"Starting server on port 3000","timestamp":"2025-05-07 19:33:51"}
{"level":"info","message":"Database is configured for: urlShortener","timestamp":"2025-05-07 19:33:53"}
{"level":"info","message":"Attempting to Start server on port 3000","timestamp":"2025-05-07 19:33:53"}
{"level":"info","message":"Client connected from Pool (Total count: 1","timestamp":"2025-05-07 19:33:53"}
{"level":"info","message":"Database connection pool established successfully","timestamp":"2025-05-07 19:33:53"}
{"level":"info","message":"Initializing database schema...","timestamp":"2025-05-07 19:33:53"}
{"level":"info","message":"Database schema initialized successfully","timestamp":"2025-05-07 19:33:53"}
{"level":"info","message":"Starting server on port 3000","timestamp":"2025-05-07 19:33:53"}
{"level":"info","message":"Starting server on port 3000","timestamp":"2025-05-07 19:33:53"}
{"level":"info","message":"Database is configured for: urlShortener","timestamp":"2025-05-07 19:33:58"}
{"level":"info","message":"Attempting to Start server on port 3000","timestamp":"2025-05-07 19:33:58"}
{"level":"info","message":"Client connected from Pool (Total count: 1","timestamp":"2025-05-07 19:33:58"}
{"level":"info","message":"Database connection pool established successfully","timestamp":"2025-05-07 19:33:58"}
{"level":"info","message":"Initializing database schema...","timestamp":"2025-05-07 19:33:58"}
{"level":"info","message":"Database schema initialized successfully","timestamp":"2025-05-07 19:33:58"}
{"level":"info","message":"Starting server on port 3000","timestamp":"2025-05-07 19:33:58"}
{"level":"info","message":"Starting server on port 3000","timestamp":"2025-05-07 19:33:58"}
{"level":"info","message":"Database is configured for: urlShortener","timestamp":"2025-05-07 19:33:59"}
{"level":"info","message":"Attempting to Start server on port 3000","timestamp":"2025-05-07 19:33:59"}
{"level":"info","message":"Client connected from Pool (Total count: 1","timestamp":"2025-05-07 19:33:59"}
{"level":"info","message":"Database connection pool established successfully","timestamp":"2025-05-07 19:33:59"}
{"level":"info","message":"Initializing database schema...","timestamp":"2025-05-07 19:33:59"}
{"level":"info","message":"Database schema initialized successfully","timestamp":"2025-05-07 19:33:59"}
{"level":"info","message":"Starting server on port 3000","timestamp":"2025-05-07 19:33:59"}
{"level":"info","message":"Starting server on port 3000","timestamp":"2025-05-07 19:33:59"}
{"level":"info","message":"Database is configured for: urlShortener","timestamp":"2025-05-07 19:34:03"}
{"level":"info","message":"Attempting to Start server on port 3000","timestamp":"2025-05-07 19:34:04"}
{"level":"info","message":"Client connected from Pool (Total count: 1","timestamp":"2025-05-07 19:34:04"}
{"level":"info","message":"Database connection pool established successfully","timestamp":"2025-05-07 19:34:04"}
{"level":"info","message":"Initializing database schema...","timestamp":"2025-05-07 19:34:04"}
{"level":"info","message":"Database schema initialized successfully","timestamp":"2025-05-07 19:34:04"}
{"level":"info","message":"Starting server on port 3000","timestamp":"2025-05-07 19:34:04"}
{"level":"info","message":"Starting server on port 3000","timestamp":"2025-05-07 19:34:04"}
{"level":"info","message":"Database is configured for: urlShortener","timestamp":"2025-05-07 19:34:06"}
{"level":"info","message":"Attempting to Start server on port 3000","timestamp":"2025-05-07 19:34:07"}
{"level":"info","message":"Client connected from Pool (Total count: 1","timestamp":"2025-05-07 19:34:07"}
{"level":"info","message":"Database connection pool established successfully","timestamp":"2025-05-07 19:34:07"}
{"level":"info","message":"Initializing database schema...","timestamp":"2025-05-07 19:34:07"}
{"level":"info","message":"Database schema initialized successfully","timestamp":"2025-05-07 19:34:07"}
{"level":"info","message":"Starting server on port 3000","timestamp":"2025-05-07 19:34:07"}
{"level":"info","message":"Starting server on port 3000","timestamp":"2025-05-07 19:34:07"}
{"level":"info","message":"Database is configured for: urlShortener","timestamp":"2025-05-07 19:34:10"}
{"level":"info","message":"Attempting to Start server on port 3000","timestamp":"2025-05-07 19:34:10"}
{"level":"info","message":"Client connected from Pool (Total count: 1","timestamp":"2025-05-07 19:34:11"}
{"level":"info","message":"Database connection pool established successfully","timestamp":"2025-05-07 19:34:11"}
{"level":"info","message":"Initializing database schema...","timestamp":"2025-05-07 19:34:11"}
{"level":"info","message":"Database schema initialized successfully","timestamp":"2025-05-07 19:34:11"}
{"level":"info","message":"Starting server on port 3000","timestamp":"2025-05-07 19:34:11"}
{"level":"info","message":"Starting server on port 3000","timestamp":"2025-05-07 19:34:11"}
{"level":"info","message":"Database is configured for: urlShortener","timestamp":"2025-05-07 19:34:14"}
{"level":"info","message":"Attempting to Start server on port 3000","timestamp":"2025-05-07 19:34:14"}
{"level":"info","message":"Client connected from Pool (Total count: 1","timestamp":"2025-05-07 19:34:14"}
{"level":"info","message":"Database connection pool established successfully","timestamp":"2025-05-07 19:34:14"}
{"level":"info","message":"Initializing database schema...","timestamp":"2025-05-07 19:34:14"}
{"level":"info","message":"Database schema initialized successfully","timestamp":"2025-05-07 19:34:14"}
{"level":"info","message":"Starting server on port 3000","timestamp":"2025-05-07 19:34:14"}
{"level":"info","message":"Starting server on port 3000","timestamp":"2025-05-07 19:34:14"}
{"level":"info","message":"Database is configured for: urlShortener","timestamp":"2025-05-07 19:34:16"}
{"level":"info","message":"Attempting to Start server on port 3000","timestamp":"2025-05-07 19:34:16"}
{"level":"info","message":"Client connected from Pool (Total count: 1","timestamp":"2025-05-07 19:34:16"}
{"level":"info","message":"Database connection pool established successfully","timestamp":"2025-05-07 19:34:16"}
{"level":"info","message":"Initializing database schema...","timestamp":"2025-05-07 19:34:16"}
{"level":"info","message":"Database schema initialized successfully","timestamp":"2025-05-07 19:34:16"}
{"level":"info","message":"Starting server on port 3000","timestamp":"2025-05-07 19:34:16"}
{"level":"info","message":"Starting server on port 3000","timestamp":"2025-05-07 19:34:16"}
{"level":"info","message":"Database is configured for: urlShortener","timestamp":"2025-05-07 19:34:19"}
{"level":"info","message":"Attempting to Start server on port 3000","timestamp":"2025-05-07 19:34:19"}
{"level":"info","message":"Client connected from Pool (Total count: 1","timestamp":"2025-05-07 19:34:19"}
{"level":"info","message":"Database connection pool established successfully","timestamp":"2025-05-07 19:34:19"}
{"level":"info","message":"Initializing database schema...","timestamp":"2025-05-07 19:34:19"}
{"level":"info","message":"Database schema initialized successfully","timestamp":"2025-05-07 19:34:19"}
{"level":"info","message":"Starting server on port 3000","timestamp":"2025-05-07 19:34:19"}
{"level":"info","message":"Starting server on port 3000","timestamp":"2025-05-07 19:34:19"}
{"level":"info","message":"Database is configured for: urlShortener","timestamp":"2025-05-07 19:34:21"}
{"level":"info","message":"Attempting to Start server on port 3000","timestamp":"2025-05-07 19:34:22"}
{"level":"info","message":"Client connected from Pool (Total count: 1","timestamp":"2025-05-07 19:34:22"}
{"level":"info","message":"Database connection pool established successfully","timestamp":"2025-05-07 19:34:22"}
{"level":"info","message":"Initializing database schema...","timestamp":"2025-05-07 19:34:22"}
{"level":"info","message":"Database schema initialized successfully","timestamp":"2025-05-07 19:34:22"}
{"level":"info","message":"Starting server on port 3000","timestamp":"2025-05-07 19:34:22"}
{"level":"info","message":"Starting server on port 3000","timestamp":"2025-05-07 19:34:22"}
{"level":"info","message":"Database is configured for: urlShortener","timestamp":"2025-05-07 19:34:23"}
{"level":"info","message":"Attempting to Start server on port 3000","timestamp":"2025-05-07 19:34:23"}
{"level":"info","message":"Client connected from Pool (Total count: 1","timestamp":"2025-05-07 19:34:23"}
{"level":"info","message":"Database connection pool established successfully","timestamp":"2025-05-07 19:34:23"}
{"level":"info","message":"Initializing database schema...","timestamp":"2025-05-07 19:34:23"}
{"level":"info","message":"Database schema initialized successfully","timestamp":"2025-05-07 19:34:23"}
{"level":"info","message":"Starting server on port 3000","timestamp":"2025-05-07 19:34:23"}
{"level":"info","message":"Starting server on port 3000","timestamp":"2025-05-07 19:34:23"}
{"level":"info","message":"Database is configured for: urlShortener","timestamp":"2025-05-07 19:34:25"}
{"level":"info","message":"Attempting to Start server on port 3000","timestamp":"2025-05-07 19:34:25"}
{"level":"info","message":"Client connected from Pool (Total count: 1","timestamp":"2025-05-07 19:34:25"}
{"level":"info","message":"Database connection pool established successfully","timestamp":"2025-05-07 19:34:25"}
{"level":"info","message":"Initializing database schema...","timestamp":"2025-05-07 19:34:25"}
{"level":"info","message":"Database schema initialized successfully","timestamp":"2025-05-07 19:34:25"}
{"level":"info","message":"Starting server on port 3000","timestamp":"2025-05-07 19:34:25"}
{"level":"info","message":"Starting server on port 3000","timestamp":"2025-05-07 19:34:25"}
{"level":"info","message":"Database is configured for: urlShortener","timestamp":"2025-05-07 19:34:29"}
{"level":"info","message":"Attempting to Start server on port 3000","timestamp":"2025-05-07 19:34:29"}
{"level":"info","message":"Client connected from Pool (Total count: 1","timestamp":"2025-05-07 19:34:29"}
{"level":"info","message":"Database connection pool established successfully","timestamp":"2025-05-07 19:34:29"}
{"level":"info","message":"Initializing database schema...","timestamp":"2025-05-07 19:34:29"}
{"level":"info","message":"Database schema initialized successfully","timestamp":"2025-05-07 19:34:29"}
{"level":"info","message":"Starting server on port 3000","timestamp":"2025-05-07 19:34:29"}
{"level":"info","message":"Starting server on port 3000","timestamp":"2025-05-07 19:34:29"}
{"level":"info","message":"Database is configured for: urlShortener","timestamp":"2025-05-07 19:34:32"}
{"level":"info","message":"Attempting to Start server on port 3000","timestamp":"2025-05-07 19:34:32"}
{"level":"info","message":"Client connected from Pool (Total count: 1","timestamp":"2025-05-07 19:34:32"}
{"level":"info","message":"Database connection pool established successfully","timestamp":"2025-05-07 19:34:32"}
{"level":"info","message":"Initializing database schema...","timestamp":"2025-05-07 19:34:32"}
{"level":"info","message":"Database schema initialized successfully","timestamp":"2025-05-07 19:34:32"}
{"level":"info","message":"Starting server on port 3000","timestamp":"2025-05-07 19:34:32"}
{"level":"info","message":"Starting server on port 3000","timestamp":"2025-05-07 19:34:32"}
{"level":"info","message":"Database is configured for: urlShortener","timestamp":"2025-05-07 19:34:33"}
{"level":"info","message":"Attempting to Start server on port 3000","timestamp":"2025-05-07 19:34:33"}
{"level":"info","message":"Client connected from Pool (Total count: 1","timestamp":"2025-05-07 19:34:33"}
{"level":"info","message":"Database connection pool established successfully","timestamp":"2025-05-07 19:34:33"}
{"level":"info","message":"Initializing database schema...","timestamp":"2025-05-07 19:34:33"}
{"level":"info","message":"Database schema initialized successfully","timestamp":"2025-05-07 19:34:33"}
{"level":"info","message":"Starting server on port 3000","timestamp":"2025-05-07 19:34:33"}
{"level":"info","message":"Starting server on port 3000","timestamp":"2025-05-07 19:34:33"}
{"level":"info","message":"Database is configured for: urlShortener","timestamp":"2025-05-07 19:34:36"}
{"level":"info","message":"Attempting to Start server on port 3000","timestamp":"2025-05-07 19:34:36"}
{"level":"info","message":"Client connected from Pool (Total count: 1","timestamp":"2025-05-07 19:34:36"}
{"level":"info","message":"Database connection pool established successfully","timestamp":"2025-05-07 19:34:36"}
{"level":"info","message":"Initializing database schema...","timestamp":"2025-05-07 19:34:36"}
{"level":"info","message":"Database schema initialized successfully","timestamp":"2025-05-07 19:34:36"}
{"level":"info","message":"Starting server on port 3000","timestamp":"2025-05-07 19:34:36"}
{"level":"info","message":"Starting server on port 3000","timestamp":"2025-05-07 19:34:36"}
{"level":"info","message":"Database is configured for: urlShortener","timestamp":"2025-05-07 19:34:37"}
{"level":"info","message":"Attempting to Start server on port 3000","timestamp":"2025-05-07 19:34:37"}
{"level":"info","message":"Client connected from Pool (Total count: 1","timestamp":"2025-05-07 19:34:37"}
{"level":"info","message":"Database connection pool established successfully","timestamp":"2025-05-07 19:34:37"}
{"level":"info","message":"Initializing database schema...","timestamp":"2025-05-07 19:34:37"}
{"level":"info","message":"Database schema initialized successfully","timestamp":"2025-05-07 19:34:37"}
{"level":"info","message":"Starting server on port 3000","timestamp":"2025-05-07 19:34:37"}
{"level":"info","message":"Starting server on port 3000","timestamp":"2025-05-07 19:34:37"}
{"level":"info","message":"Database is configured for: urlShortener","timestamp":"2025-05-07 19:34:41"}
{"level":"info","message":"Attempting to Start server on port 3000","timestamp":"2025-05-07 19:34:41"}
{"level":"info","message":"Client connected from Pool (Total count: 1","timestamp":"2025-05-07 19:34:41"}
{"level":"info","message":"Database connection pool established successfully","timestamp":"2025-05-07 19:34:41"}
{"level":"info","message":"Initializing database schema...","timestamp":"2025-05-07 19:34:41"}
{"level":"info","message":"Database schema initialized successfully","timestamp":"2025-05-07 19:34:41"}
{"level":"info","message":"Starting server on port 3000","timestamp":"2025-05-07 19:34:41"}
{"level":"info","message":"Starting server on port 3000","timestamp":"2025-05-07 19:34:41"}
{"level":"info","message":"Database is configured for: urlShortener","timestamp":"2025-05-07 19:34:51"}
{"level":"info","message":"Attempting to Start server on port 3000","timestamp":"2025-05-07 19:34:51"}
{"level":"info","message":"Client connected from Pool (Total count: 1","timestamp":"2025-05-07 19:34:51"}
{"level":"info","message":"Database connection pool established successfully","timestamp":"2025-05-07 19:34:51"}
{"level":"info","message":"Initializing database schema...","timestamp":"2025-05-07 19:34:51"}
{"level":"info","message":"Database schema initialized successfully","timestamp":"2025-05-07 19:34:51"}
{"level":"info","message":"Starting server on port 3000","timestamp":"2025-05-07 19:34:51"}
{"level":"info","message":"Starting server on port 3000","timestamp":"2025-05-07 19:34:51"}
{"level":"info","message":"Database is configured for: urlShortener","timestamp":"2025-05-07 19:34:54"}
{"level":"info","message":"Attempting to Start server on port 3000","timestamp":"2025-05-07 19:34:54"}
{"level":"info","message":"Client connected from Pool (Total count: 1","timestamp":"2025-05-07 19:34:54"}
{"level":"info","message":"Database connection pool established successfully","timestamp":"2025-05-07 19:34:54"}
{"level":"info","message":"Initializing database schema...","timestamp":"2025-05-07 19:34:54"}
{"level":"info","message":"Database schema initialized successfully","timestamp":"2025-05-07 19:34:54"}
{"level":"info","message":"Starting server on port 3000","timestamp":"2025-05-07 19:34:54"}
{"level":"info","message":"Starting server on port 3000","timestamp":"2025-05-07 19:34:54"}
{"level":"info","message":"Database is configured for: urlShortener","timestamp":"2025-05-07 19:34:57"}
{"level":"info","message":"Attempting to Start server on port 3000","timestamp":"2025-05-07 19:34:57"}
{"level":"info","message":"Client connected from Pool (Total count: 1","timestamp":"2025-05-07 19:34:57"}
{"level":"info","message":"Database connection pool established successfully","timestamp":"2025-05-07 19:34:57"}
{"level":"info","message":"Initializing database schema...","timestamp":"2025-05-07 19:34:57"}
{"level":"info","message":"Database schema initialized successfully","timestamp":"2025-05-07 19:34:57"}
{"level":"info","message":"Starting server on port 3000","timestamp":"2025-05-07 19:34:57"}
{"level":"info","message":"Starting server on port 3000","timestamp":"2025-05-07 19:34:57"}
{"level":"info","message":"Database is configured for: urlShortener","timestamp":"2025-05-07 19:35:01"}
{"level":"info","message":"Attempting to Start server on port 3000","timestamp":"2025-05-07 19:35:01"}
{"level":"info","message":"Client connected from Pool (Total count: 1","timestamp":"2025-05-07 19:35:01"}
{"level":"info","message":"Database connection pool established successfully","timestamp":"2025-05-07 19:35:01"}
{"level":"info","message":"Initializing database schema...","timestamp":"2025-05-07 19:35:01"}
{"level":"info","message":"Database schema initialized successfully","timestamp":"2025-05-07 19:35:01"}
{"level":"info","message":"Starting server on port 3000","timestamp":"2025-05-07 19:35:01"}
{"level":"info","message":"Starting server on port 3000","timestamp":"2025-05-07 19:35:01"}
{"level":"info","message":"Database is configured for: urlShortener","timestamp":"2025-05-07 19:35:04"}
{"level":"info","message":"Attempting to Start server on port 3000","timestamp":"2025-05-07 19:35:05"}
{"level":"info","message":"Client connected from Pool (Total count: 1","timestamp":"2025-05-07 19:35:05"}
{"level":"info","message":"Database connection pool established successfully","timestamp":"2025-05-07 19:35:05"}
{"level":"info","message":"Initializing database schema...","timestamp":"2025-05-07 19:35:05"}
{"level":"info","message":"Database schema initialized successfully","timestamp":"2025-05-07 19:35:05"}
{"level":"info","message":"Starting server on port 3000","timestamp":"2025-05-07 19:35:05"}
{"level":"info","message":"Starting server on port 3000","timestamp":"2025-05-07 19:35:05"}
{"level":"info","message":"Database is configured for: urlShortener","timestamp":"2025-05-07 19:35:12"}
{"level":"info","message":"Attempting to Start server on port 3000","timestamp":"2025-05-07 19:35:12"}
{"level":"info","message":"Client connected from Pool (Total count: 1","timestamp":"2025-05-07 19:35:12"}
{"level":"info","message":"Database connection pool established successfully","timestamp":"2025-05-07 19:35:12"}
{"level":"info","message":"Initializing database schema...","timestamp":"2025-05-07 19:35:12"}
{"level":"info","message":"Database schema initialized successfully","timestamp":"2025-05-07 19:35:12"}
{"level":"info","message":"Starting server on port 3000","timestamp":"2025-05-07 19:35:12"}
{"level":"info","message":"Starting server on port 3000","timestamp":"2025-05-07 19:35:12"}
{"level":"info","message":"Database is configured for: urlShortener","timestamp":"2025-05-07 19:38:04"}
{"level":"info","message":"Attempting to Start server on port 3000","timestamp":"2025-05-07 19:38:04"}
{"level":"info","message":"Client connected from Pool (Total count: 1","timestamp":"2025-05-07 19:38:04"}
{"level":"info","message":"Database connection pool established successfully","timestamp":"2025-05-07 19:38:04"}
{"level":"info","message":"Initializing database schema...","timestamp":"2025-05-07 19:38:04"}
{"level":"info","message":"Database schema initialized successfully","timestamp":"2025-05-07 19:38:04"}
{"level":"info","message":"Starting server on port 3000","timestamp":"2025-05-07 19:38:04"}
{"level":"info","message":"Starting server on port 3000","timestamp":"2025-05-07 19:38:04"}
{"level":"info","message":"Database is configured for: urlShortener","timestamp":"2025-05-07 19:38:22"}
{"level":"info","message":"Attempting to Start server on port 3000","timestamp":"2025-05-07 19:38:22"}
{"level":"info","message":"Client connected from Pool (Total count: 1","timestamp":"2025-05-07 19:38:22"}
{"level":"info","message":"Database connection pool established successfully","timestamp":"2025-05-07 19:38:22"}
{"level":"info","message":"Initializing database schema...","timestamp":"2025-05-07 19:38:22"}
{"level":"info","message":"Database schema initialized successfully","timestamp":"2025-05-07 19:38:22"}
{"level":"info","message":"Starting server on port 3000","timestamp":"2025-05-07 19:38:22"}
{"level":"info","message":"Starting server on port 3000","timestamp":"2025-05-07 19:38:22"}
{"level":"info","message":"Database is configured for: urlShortener","timestamp":"2025-05-07 19:38:23"}
{"level":"info","message":"Attempting to Start server on port 3000","timestamp":"2025-05-07 19:38:23"}
{"level":"info","message":"Client connected from Pool (Total count: 1","timestamp":"2025-05-07 19:38:23"}
{"level":"info","message":"Database connection pool established successfully","timestamp":"2025-05-07 19:38:23"}
{"level":"info","message":"Initializing database schema...","timestamp":"2025-05-07 19:38:23"}
{"level":"info","message":"Database schema initialized successfully","timestamp":"2025-05-07 19:38:23"}
{"level":"info","message":"Starting server on port 3000","timestamp":"2025-05-07 19:38:23"}
{"level":"info","message":"Starting server on port 3000","timestamp":"2025-05-07 19:38:23"}
{"level":"info","message":"Database is configured for: urlShortener","timestamp":"2025-05-07 19:38:26"}
{"level":"info","message":"Attempting to Start server on port 3000","timestamp":"2025-05-07 19:38:26"}
{"level":"info","message":"Client connected from Pool (Total count: 1","timestamp":"2025-05-07 19:38:26"}
{"level":"info","message":"Database connection pool established successfully","timestamp":"2025-05-07 19:38:26"}
{"level":"info","message":"Initializing database schema...","timestamp":"2025-05-07 19:38:26"}
{"level":"info","message":"Database schema initialized successfully","timestamp":"2025-05-07 19:38:26"}
{"level":"info","message":"Starting server on port 3000","timestamp":"2025-05-07 19:38:26"}
{"level":"info","message":"Starting server on port 3000","timestamp":"2025-05-07 19:38:26"}
{"level":"info","message":"Database is configured for: urlShortener","timestamp":"2025-05-07 19:38:28"}
{"level":"info","message":"Attempting to Start server on port 3000","timestamp":"2025-05-07 19:38:28"}
{"level":"info","message":"Client connected from Pool (Total count: 1","timestamp":"2025-05-07 19:38:28"}
{"level":"info","message":"Database connection pool established successfully","timestamp":"2025-05-07 19:38:28"}
{"level":"info","message":"Initializing database schema...","timestamp":"2025-05-07 19:38:28"}
{"level":"info","message":"Database schema initialized successfully","timestamp":"2025-05-07 19:38:28"}
{"level":"info","message":"Starting server on port 3000","timestamp":"2025-05-07 19:38:28"}
{"level":"info","message":"Starting server on port 3000","timestamp":"2025-05-07 19:38:28"}
{"level":"info","message":"Database is configured for: urlShortener","timestamp":"2025-05-07 19:38:31"}
{"level":"info","message":"Attempting to Start server on port 3000","timestamp":"2025-05-07 19:38:31"}
{"level":"info","message":"Client connected from Pool (Total count: 1","timestamp":"2025-05-07 19:38:31"}
{"level":"info","message":"Database connection pool established successfully","timestamp":"2025-05-07 19:38:31"}
{"level":"info","message":"Initializing database schema...","timestamp":"2025-05-07 19:38:31"}
{"level":"info","message":"Database schema initialized successfully","timestamp":"2025-05-07 19:38:31"}
{"level":"info","message":"Starting server on port 3000","timestamp":"2025-05-07 19:38:31"}
{"level":"info","message":"Starting server on port 3000","timestamp":"2025-05-07 19:38:31"}
{"level":"info","message":"Database is configured for: urlShortener","timestamp":"2025-05-07 19:38:34"}
{"level":"info","message":"Attempting to Start server on port 3000","timestamp":"2025-05-07 19:38:34"}
{"level":"info","message":"Client connected from Pool (Total count: 1","timestamp":"2025-05-07 19:38:34"}
{"level":"info","message":"Database connection pool established successfully","timestamp":"2025-05-07 19:38:34"}
{"level":"info","message":"Initializing database schema...","timestamp":"2025-05-07 19:38:34"}
{"level":"info","message":"Database schema initialized successfully","timestamp":"2025-05-07 19:38:34"}
{"level":"info","message":"Starting server on port 3000","timestamp":"2025-05-07 19:38:34"}
{"level":"info","message":"Starting server on port 3000","timestamp":"2025-05-07 19:38:34"}
{"level":"info","message":"Database is configured for: urlShortener","timestamp":"2025-05-07 19:38:36"}
{"level":"info","message":"Attempting to Start server on port 3000","timestamp":"2025-05-07 19:38:36"}
{"level":"info","message":"Client connected from Pool (Total count: 1","timestamp":"2025-05-07 19:38:36"}
{"level":"info","message":"Database connection pool established successfully","timestamp":"2025-05-07 19:38:36"}
{"level":"info","message":"Initializing database schema...","timestamp":"2025-05-07 19:38:36"}
{"level":"info","message":"Database schema initialized successfully","timestamp":"2025-05-07 19:38:36"}
{"level":"info","message":"Starting server on port 3000","timestamp":"2025-05-07 19:38:36"}
{"level":"info","message":"Starting server on port 3000","timestamp":"2025-05-07 19:38:36"}
{"level":"info","message":"Database is configured for: urlShortener","timestamp":"2025-05-07 19:38:44"}
{"level":"info","message":"Attempting to Start server on port 3000","timestamp":"2025-05-07 19:38:44"}
{"level":"info","message":"Client connected from Pool (Total count: 1","timestamp":"2025-05-07 19:38:44"}
{"level":"info","message":"Database connection pool established successfully","timestamp":"2025-05-07 19:38:44"}
{"level":"info","message":"Initializing database schema...","timestamp":"2025-05-07 19:38:44"}
{"level":"info","message":"Database schema initialized successfully","timestamp":"2025-05-07 19:38:44"}
{"level":"info","message":"Starting server on port 3000","timestamp":"2025-05-07 19:38:44"}
{"level":"info","message":"Starting server on port 3000","timestamp":"2025-05-07 19:38:44"}
{"level":"info","message":"Database is configured for: urlShortener","timestamp":"2025-05-07 19:38:46"}
{"level":"info","message":"Attempting to Start server on port 3000","timestamp":"2025-05-07 19:38:46"}
{"level":"info","message":"Client connected from Pool (Total count: 1","timestamp":"2025-05-07 19:38:46"}
{"level":"info","message":"Database connection pool established successfully","timestamp":"2025-05-07 19:38:46"}
{"level":"info","message":"Initializing database schema...","timestamp":"2025-05-07 19:38:46"}
{"level":"info","message":"Database schema initialized successfully","timestamp":"2025-05-07 19:38:46"}
{"level":"info","message":"Starting server on port 3000","timestamp":"2025-05-07 19:38:46"}
{"level":"info","message":"Starting server on port 3000","timestamp":"2025-05-07 19:38:46"}
{"level":"info","message":"Database is configured for: urlShortener","timestamp":"2025-05-07 19:38:52"}
{"level":"info","message":"Attempting to Start server on port 3000","timestamp":"2025-05-07 19:38:53"}
{"level":"info","message":"Client connected from Pool (Total count: 1","timestamp":"2025-05-07 19:38:53"}
{"level":"info","message":"Database connection pool established successfully","timestamp":"2025-05-07 19:38:53"}
{"level":"info","message":"Initializing database schema...","timestamp":"2025-05-07 19:38:53"}
{"level":"info","message":"Database schema initialized successfully","timestamp":"2025-05-07 19:38:53"}
{"level":"info","message":"Starting server on port 3000","timestamp":"2025-05-07 19:38:53"}
{"level":"info","message":"Starting server on port 3000","timestamp":"2025-05-07 19:38:53"}
{"level":"info","message":"Database is configured for: urlShortener","timestamp":"2025-05-07 19:38:55"}
{"level":"info","message":"Attempting to Start server on port 3000","timestamp":"2025-05-07 19:38:55"}
{"level":"info","message":"Client connected from Pool (Total count: 1","timestamp":"2025-05-07 19:38:55"}
{"level":"info","message":"Database connection pool established successfully","timestamp":"2025-05-07 19:38:55"}
{"level":"info","message":"Initializing database schema...","timestamp":"2025-05-07 19:38:55"}
{"level":"info","message":"Database schema initialized successfully","timestamp":"2025-05-07 19:38:55"}
{"level":"info","message":"Starting server on port 3000","timestamp":"2025-05-07 19:38:55"}
{"level":"info","message":"Starting server on port 3000","timestamp":"2025-05-07 19:38:55"}
{"level":"info","message":"Database is configured for: urlShortener","timestamp":"2025-05-07 19:38:57"}
{"level":"info","message":"Attempting to Start server on port 3000","timestamp":"2025-05-07 19:38:57"}
{"level":"info","message":"Client connected from Pool (Total count: 1","timestamp":"2025-05-07 19:38:57"}
{"level":"info","message":"Database connection pool established successfully","timestamp":"2025-05-07 19:38:57"}
{"level":"info","message":"Initializing database schema...","timestamp":"2025-05-07 19:38:57"}
{"level":"info","message":"Database schema initialized successfully","timestamp":"2025-05-07 19:38:57"}
{"level":"info","message":"Starting server on port 3000","timestamp":"2025-05-07 19:38:57"}
{"level":"info","message":"Starting server on port 3000","timestamp":"2025-05-07 19:38:57"}
{"level":"info","message":"Database is configured for: urlShortener","timestamp":"2025-05-07 19:39:02"}
{"level":"info","message":"Attempting to Start server on port 3000","timestamp":"2025-05-07 19:39:02"}
{"level":"info","message":"Client connected from Pool (Total count: 1","timestamp":"2025-05-07 19:39:02"}
{"level":"info","message":"Database connection pool established successfully","timestamp":"2025-05-07 19:39:02"}
{"level":"info","message":"Initializing database schema...","timestamp":"2025-05-07 19:39:02"}
{"level":"info","message":"Database schema initialized successfully","timestamp":"2025-05-07 19:39:03"}
{"level":"info","message":"Starting server on port 3000","timestamp":"2025-05-07 19:39:03"}
{"level":"info","message":"Starting server on port 3000","timestamp":"2025-05-07 19:39:03"}
{"level":"info","message":"Database is configured for: urlShortener","timestamp":"2025-05-07 19:39:05"}
{"level":"info","message":"Attempting to Start server on port 3000","timestamp":"2025-05-07 19:39:05"}
{"level":"info","message":"Client connected from Pool (Total count: 1","timestamp":"2025-05-07 19:39:05"}
{"level":"info","message":"Database connection pool established successfully","timestamp":"2025-05-07 19:39:05"}
{"level":"info","message":"Initializing database schema...","timestamp":"2025-05-07 19:39:05"}
{"level":"info","message":"Database schema initialized successfully","timestamp":"2025-05-07 19:39:05"}
{"level":"info","message":"Starting server on port 3000","timestamp":"2025-05-07 19:39:05"}
{"level":"info","message":"Starting server on port 3000","timestamp":"2025-05-07 19:39:05"}
{"level":"info","message":"Database is configured for: urlShortener","timestamp":"2025-05-07 19:39:06"}
{"level":"info","message":"Attempting to Start server on port 3000","timestamp":"2025-05-07 19:39:06"}
{"level":"info","message":"Client connected from Pool (Total count: 1","timestamp":"2025-05-07 19:39:06"}
{"level":"info","message":"Database connection pool established successfully","timestamp":"2025-05-07 19:39:06"}
{"level":"info","message":"Initializing database schema...","timestamp":"2025-05-07 19:39:06"}
{"level":"info","message":"Database schema initialized successfully","timestamp":"2025-05-07 19:39:06"}
{"level":"info","message":"Starting server on port 3000","timestamp":"2025-05-07 19:39:06"}
{"level":"info","message":"Starting server on port 3000","timestamp":"2025-05-07 19:39:06"}
{"level":"info","message":"Database is configured for: urlShortener","timestamp":"2025-05-07 19:39:08"}
{"level":"info","message":"Attempting to Start server on port 3000","timestamp":"2025-05-07 19:39:08"}
{"level":"info","message":"Client connected from Pool (Total count: 1","timestamp":"2025-05-07 19:39:08"}
{"level":"info","message":"Database connection pool established successfully","timestamp":"2025-05-07 19:39:08"}
{"level":"info","message":"Initializing database schema...","timestamp":"2025-05-07 19:39:08"}
{"level":"info","message":"Database schema initialized successfully","timestamp":"2025-05-07 19:39:09"}
{"level":"info","message":"Starting server on port 3000","timestamp":"2025-05-07 19:39:09"}
{"level":"info","message":"Starting server on port 3000","timestamp":"2025-05-07 19:39:09"}
{"level":"info","message":"Database is configured for: urlShortener","timestamp":"2025-05-07 19:39:22"}
{"level":"info","message":"Attempting to Start server on port 3000","timestamp":"2025-05-07 19:39:22"}
{"level":"info","message":"Client connected from Pool (Total count: 1","timestamp":"2025-05-07 19:39:22"}
{"level":"info","message":"Database connection pool established successfully","timestamp":"2025-05-07 19:39:22"}
{"level":"info","message":"Initializing database schema...","timestamp":"2025-05-07 19:39:22"}
{"level":"info","message":"Database schema initialized successfully","timestamp":"2025-05-07 19:39:22"}
{"level":"info","message":"Starting server on port 3000","timestamp":"2025-05-07 19:39:22"}
{"level":"info","message":"Starting server on port 3000","timestamp":"2025-05-07 19:39:22"}
{"level":"info","message":"Database is configured for: urlShortener","timestamp":"2025-05-07 19:39:29"}
{"level":"info","message":"Attempting to Start server on port 3000","timestamp":"2025-05-07 19:39:29"}
{"level":"info","message":"Client connected from Pool (Total count: 1","timestamp":"2025-05-07 19:39:29"}
{"level":"info","message":"Database connection pool established successfully","timestamp":"2025-05-07 19:39:29"}
{"level":"info","message":"Initializing database schema...","timestamp":"2025-05-07 19:39:29"}
{"level":"info","message":"Database schema initialized successfully","timestamp":"2025-05-07 19:39:29"}
{"level":"info","message":"Starting server on port 3000","timestamp":"2025-05-07 19:39:29"}
{"level":"info","message":"Starting server on port 3000","timestamp":"2025-05-07 19:39:29"}
{"level":"info","message":"Database is configured for: urlShortener","timestamp":"2025-05-07 19:39:34"}
{"level":"info","message":"Attempting to Start server on port 3000","timestamp":"2025-05-07 19:39:34"}
{"level":"info","message":"Client connected from Pool (Total count: 1","timestamp":"2025-05-07 19:39:34"}
{"level":"info","message":"Database connection pool established successfully","timestamp":"2025-05-07 19:39:34"}
{"level":"info","message":"Initializing database schema...","timestamp":"2025-05-07 19:39:34"}
{"level":"info","message":"Database schema initialized successfully","timestamp":"2025-05-07 19:39:34"}
{"level":"info","message":"Starting server on port 3000","timestamp":"2025-05-07 19:39:34"}
{"level":"info","message":"Starting server on port 3000","timestamp":"2025-05-07 19:39:34"}
{"level":"info","message":"Database is configured for: urlShortener","timestamp":"2025-05-07 19:39:36"}
{"level":"info","message":"Attempting to Start server on port 3000","timestamp":"2025-05-07 19:39:36"}
{"level":"info","message":"Client connected from Pool (Total count: 1","timestamp":"2025-05-07 19:39:36"}
{"level":"info","message":"Database connection pool established successfully","timestamp":"2025-05-07 19:39:36"}
{"level":"info","message":"Initializing database schema...","timestamp":"2025-05-07 19:39:36"}
{"level":"info","message":"Database schema initialized successfully","timestamp":"2025-05-07 19:39:36"}
{"level":"info","message":"Starting server on port 3000","timestamp":"2025-05-07 19:39:36"}
{"level":"info","message":"Starting server on port 3000","timestamp":"2025-05-07 19:39:36"}
{"level":"info","message":"Database is configured for: urlShortener","timestamp":"2025-05-07 19:39:39"}
{"level":"info","message":"Attempting to Start server on port 3000","timestamp":"2025-05-07 19:39:39"}
{"level":"info","message":"Client connected from Pool (Total count: 1","timestamp":"2025-05-07 19:39:39"}
{"level":"info","message":"Database connection pool established successfully","timestamp":"2025-05-07 19:39:39"}
{"level":"info","message":"Initializing database schema...","timestamp":"2025-05-07 19:39:39"}
{"level":"info","message":"Database schema initialized successfully","timestamp":"2025-05-07 19:39:39"}
{"level":"info","message":"Starting server on port 3000","timestamp":"2025-05-07 19:39:39"}
{"level":"info","message":"Starting server on port 3000","timestamp":"2025-05-07 19:39:39"}
{"level":"info","message":"Database is configured for: urlShortener","timestamp":"2025-05-07 19:39:43"}
{"level":"info","message":"Attempting to Start server on port 3000","timestamp":"2025-05-07 19:39:43"}
{"level":"info","message":"Client connected from Pool (Total count: 1","timestamp":"2025-05-07 19:39:43"}
{"level":"info","message":"Database connection pool established successfully","timestamp":"2025-05-07 19:39:43"}
{"level":"info","message":"Initializing database schema...","timestamp":"2025-05-07 19:39:43"}
{"level":"info","message":"Database schema initialized successfully","timestamp":"2025-05-07 19:39:43"}
{"level":"info","message":"Starting server on port 3000","timestamp":"2025-05-07 19:39:43"}
{"level":"info","message":"Starting server on port 3000","timestamp":"2025-05-07 19:39:43"}
{"level":"info","message":"Database is configured for: urlShortener","timestamp":"2025-05-07 19:39:46"}
{"level":"info","message":"Attempting to Start server on port 3000","timestamp":"2025-05-07 19:39:46"}
{"level":"info","message":"Client connected from Pool (Total count: 1","timestamp":"2025-05-07 19:39:46"}
{"level":"info","message":"Database connection pool established successfully","timestamp":"2025-05-07 19:39:46"}
{"level":"info","message":"Initializing database schema...","timestamp":"2025-05-07 19:39:46"}
{"level":"info","message":"Database schema initialized successfully","timestamp":"2025-05-07 19:39:46"}
{"level":"info","message":"Starting server on port 3000","timestamp":"2025-05-07 19:39:46"}
{"level":"info","message":"Starting server on port 3000","timestamp":"2025-05-07 19:39:46"}
{"level":"info","message":"Database is configured for: urlShortener","timestamp":"2025-05-07 19:39:49"}
{"level":"info","message":"Attempting to Start server on port 3000","timestamp":"2025-05-07 19:39:50"}
{"level":"info","message":"Client connected from Pool (Total count: 1","timestamp":"2025-05-07 19:39:50"}
{"level":"info","message":"Database connection pool established successfully","timestamp":"2025-05-07 19:39:50"}
{"level":"info","message":"Initializing database schema...","timestamp":"2025-05-07 19:39:50"}
{"level":"info","message":"Database schema initialized successfully","timestamp":"2025-05-07 19:39:50"}
{"level":"info","message":"Starting server on port 3000","timestamp":"2025-05-07 19:39:50"}
{"level":"info","message":"Starting server on port 3000","timestamp":"2025-05-07 19:39:50"}
{"level":"info","message":"Database is configured for: urlShortener","timestamp":"2025-05-07 19:39:51"}
{"level":"info","message":"Attempting to Start server on port 3000","timestamp":"2025-05-07 19:39:51"}
{"level":"info","message":"Client connected from Pool (Total count: 1","timestamp":"2025-05-07 19:39:51"}
{"level":"info","message":"Database connection pool established successfully","timestamp":"2025-05-07 19:39:51"}
{"level":"info","message":"Initializing database schema...","timestamp":"2025-05-07 19:39:51"}
{"level":"info","message":"Database schema initialized successfully","timestamp":"2025-05-07 19:39:51"}
{"level":"info","message":"Starting server on port 3000","timestamp":"2025-05-07 19:39:51"}
{"level":"info","message":"Starting server on port 3000","timestamp":"2025-05-07 19:39:51"}
{"level":"info","message":"Database is configured for: urlShortener","timestamp":"2025-05-07 19:39:52"}
{"level":"info","message":"Attempting to Start server on port 3000","timestamp":"2025-05-07 19:39:52"}
{"level":"info","message":"Client connected from Pool (Total count: 1","timestamp":"2025-05-07 19:39:52"}
{"level":"info","message":"Database connection pool established successfully","timestamp":"2025-05-07 19:39:52"}
{"level":"info","message":"Initializing database schema...","timestamp":"2025-05-07 19:39:52"}
{"level":"info","message":"Database schema initialized successfully","timestamp":"2025-05-07 19:39:52"}
{"level":"info","message":"Starting server on port 3000","timestamp":"2025-05-07 19:39:53"}
{"level":"info","message":"Starting server on port 3000","timestamp":"2025-05-07 19:39:53"}
{"level":"info","message":"Database is configured for: urlShortener","timestamp":"2025-05-07 19:39:55"}
{"level":"info","message":"Attempting to Start server on port 3000","timestamp":"2025-05-07 19:39:55"}
{"level":"info","message":"Client connected from Pool (Total count: 1","timestamp":"2025-05-07 19:39:55"}
{"level":"info","message":"Database connection pool established successfully","timestamp":"2025-05-07 19:39:55"}
{"level":"info","message":"Initializing database schema...","timestamp":"2025-05-07 19:39:55"}
{"level":"info","message":"Database schema initialized successfully","timestamp":"2025-05-07 19:39:55"}
{"level":"info","message":"Starting server on port 3000","timestamp":"2025-05-07 19:39:55"}
{"level":"info","message":"Starting server on port 3000","timestamp":"2025-05-07 19:39:55"}
{"level":"info","message":"Database is configured for: urlShortener","timestamp":"2025-05-07 19:39:57"}
{"level":"info","message":"Attempting to Start server on port 3000","timestamp":"2025-05-07 19:39:57"}
{"level":"info","message":"Client connected from Pool (Total count: 1","timestamp":"2025-05-07 19:39:57"}
{"level":"info","message":"Database connection pool established successfully","timestamp":"2025-05-07 19:39:57"}
{"level":"info","message":"Initializing database schema...","timestamp":"2025-05-07 19:39:57"}
{"level":"info","message":"Database schema initialized successfully","timestamp":"2025-05-07 19:39:57"}
{"level":"info","message":"Starting server on port 3000","timestamp":"2025-05-07 19:39:57"}
{"level":"info","message":"Starting server on port 3000","timestamp":"2025-05-07 19:39:57"}
{"level":"info","message":"Database is configured for: urlShortener","timestamp":"2025-05-07 19:39:59"}
{"level":"info","message":"Attempting to Start server on port 3000","timestamp":"2025-05-07 19:39:59"}
{"level":"info","message":"Client connected from Pool (Total count: 1","timestamp":"2025-05-07 19:39:59"}
{"level":"info","message":"Database connection pool established successfully","timestamp":"2025-05-07 19:39:59"}
{"level":"info","message":"Initializing database schema...","timestamp":"2025-05-07 19:39:59"}
{"level":"info","message":"Database schema initialized successfully","timestamp":"2025-05-07 19:39:59"}
{"level":"info","message":"Starting server on port 3000","timestamp":"2025-05-07 19:39:59"}
{"level":"info","message":"Starting server on port 3000","timestamp":"2025-05-07 19:39:59"}
{"level":"info","message":"Database is configured for: urlShortener","timestamp":"2025-05-07 19:40:00"}
{"level":"info","message":"Attempting to Start server on port 3000","timestamp":"2025-05-07 19:40:00"}
{"level":"info","message":"Client connected from Pool (Total count: 1","timestamp":"2025-05-07 19:40:01"}
{"level":"info","message":"Database connection pool established successfully","timestamp":"2025-05-07 19:40:01"}
{"level":"info","message":"Initializing database schema...","timestamp":"2025-05-07 19:40:01"}
{"level":"info","message":"Database schema initialized successfully","timestamp":"2025-05-07 19:40:01"}
{"level":"info","message":"Starting server on port 3000","timestamp":"2025-05-07 19:40:01"}
{"level":"info","message":"Starting server on port 3000","timestamp":"2025-05-07 19:40:01"}
{"level":"info","message":"Database is configured for: urlShortener","timestamp":"2025-05-07 19:40:03"}
{"level":"info","message":"Attempting to Start server on port 3000","timestamp":"2025-05-07 19:40:03"}
{"level":"info","message":"Client connected from Pool (Total count: 1","timestamp":"2025-05-07 19:40:03"}
{"level":"info","message":"Database connection pool established successfully","timestamp":"2025-05-07 19:40:03"}
{"level":"info","message":"Initializing database schema...","timestamp":"2025-05-07 19:40:03"}
{"level":"info","message":"Database schema initialized successfully","timestamp":"2025-05-07 19:40:04"}
{"level":"info","message":"Starting server on port 3000","timestamp":"2025-05-07 19:40:04"}
{"level":"info","message":"Starting server on port 3000","timestamp":"2025-05-07 19:40:04"}
{"level":"info","message":"Database is configured for: urlShortener","timestamp":"2025-05-07 19:40:15"}
{"level":"info","message":"Attempting to Start server on port 3000","timestamp":"2025-05-07 19:40:15"}
{"level":"info","message":"Client connected from Pool (Total count: 1","timestamp":"2025-05-07 19:40:15"}
{"level":"info","message":"Database connection pool established successfully","timestamp":"2025-05-07 19:40:15"}
{"level":"info","message":"Initializing database schema...","timestamp":"2025-05-07 19:40:15"}
{"level":"info","message":"Database schema initialized successfully","timestamp":"2025-05-07 19:40:15"}
{"level":"info","message":"Starting server on port 3000","timestamp":"2025-05-07 19:40:15"}
{"level":"info","message":"Starting server on port 3000","timestamp":"2025-05-07 19:40:15"}
{"level":"info","message":"Database is configured for: urlShortener","timestamp":"2025-05-07 19:40:16"}
{"level":"info","message":"Attempting to Start server on port 3000","timestamp":"2025-05-07 19:40:16"}
{"level":"info","message":"Client connected from Pool (Total count: 1","timestamp":"2025-05-07 19:40:16"}
{"level":"info","message":"Database connection pool established successfully","timestamp":"2025-05-07 19:40:16"}
{"level":"info","message":"Initializing database schema...","timestamp":"2025-05-07 19:40:16"}
{"level":"info","message":"Database schema initialized successfully","timestamp":"2025-05-07 19:40:16"}
{"level":"info","message":"Starting server on port 3000","timestamp":"2025-05-07 19:40:16"}
{"level":"info","message":"Starting server on port 3000","timestamp":"2025-05-07 19:40:16"}
{"level":"info","message":"Database is configured for: urlShortener","timestamp":"2025-05-07 19:40:18"}
{"level":"info","message":"Attempting to Start server on port 3000","timestamp":"2025-05-07 19:40:18"}
{"level":"info","message":"Client connected from Pool (Total count: 1","timestamp":"2025-05-07 19:40:18"}
{"level":"info","message":"Database connection pool established successfully","timestamp":"2025-05-07 19:40:18"}
{"level":"info","message":"Initializing database schema...","timestamp":"2025-05-07 19:40:18"}
{"level":"info","message":"Database schema initialized successfully","timestamp":"2025-05-07 19:40:18"}
{"level":"info","message":"Starting server on port 3000","timestamp":"2025-05-07 19:40:18"}
{"level":"info","message":"Starting server on port 3000","timestamp":"2025-05-07 19:40:18"}
{"level":"info","message":"Database is configured for: urlShortener","timestamp":"2025-05-07 19:40:21"}
{"level":"info","message":"Attempting to Start server on port 3000","timestamp":"2025-05-07 19:40:21"}
{"level":"info","message":"Client connected from Pool (Total count: 1","timestamp":"2025-05-07 19:40:21"}
{"level":"info","message":"Database connection pool established successfully","timestamp":"2025-05-07 19:40:21"}
{"level":"info","message":"Initializing database schema...","timestamp":"2025-05-07 19:40:21"}
{"level":"info","message":"Database schema initialized successfully","timestamp":"2025-05-07 19:40:21"}
{"level":"info","message":"Starting server on port 3000","timestamp":"2025-05-07 19:40:21"}
{"level":"info","message":"Starting server on port 3000","timestamp":"2025-05-07 19:40:21"}
{"level":"info","message":"Database is configured for: urlShortener","timestamp":"2025-05-07 19:40:23"}
{"level":"info","message":"Attempting to Start server on port 3000","timestamp":"2025-05-07 19:40:23"}
{"level":"info","message":"Client connected from Pool (Total count: 1","timestamp":"2025-05-07 19:40:23"}
{"level":"info","message":"Database connection pool established successfully","timestamp":"2025-05-07 19:40:23"}
{"level":"info","message":"Initializing database schema...","timestamp":"2025-05-07 19:40:23"}
{"level":"info","message":"Database schema initialized successfully","timestamp":"2025-05-07 19:40:23"}
{"level":"info","message":"Starting server on port 3000","timestamp":"2025-05-07 19:40:23"}
{"level":"info","message":"Starting server on port 3000","timestamp":"2025-05-07 19:40:23"}
{"level":"info","message":"Database is configured for: urlShortener","timestamp":"2025-05-07 19:40:50"}
{"level":"info","message":"Attempting to Start server on port 3000","timestamp":"2025-05-07 19:40:50"}
{"level":"info","message":"Client connected from Pool (Total count: 1","timestamp":"2025-05-07 19:40:50"}
{"level":"info","message":"Database connection pool established successfully","timestamp":"2025-05-07 19:40:50"}
{"level":"info","message":"Initializing database schema...","timestamp":"2025-05-07 19:40:50"}
{"level":"info","message":"Database schema initialized successfully","timestamp":"2025-05-07 19:40:50"}
{"level":"info","message":"Starting server on port 3000","timestamp":"2025-05-07 19:40:50"}
{"level":"info","message":"Starting server on port 3000","timestamp":"2025-05-07 19:40:50"}
{"level":"info","message":"Database is configured for: urlShortener","timestamp":"2025-05-07 19:40:54"}
{"level":"info","message":"Attempting to Start server on port 3000","timestamp":"2025-05-07 19:40:54"}
{"level":"info","message":"Client connected from Pool (Total count: 1","timestamp":"2025-05-07 19:40:54"}
{"level":"info","message":"Database connection pool established successfully","timestamp":"2025-05-07 19:40:54"}
{"level":"info","message":"Initializing database schema...","timestamp":"2025-05-07 19:40:54"}
{"level":"info","message":"Database schema initialized successfully","timestamp":"2025-05-07 19:40:54"}
{"level":"info","message":"Starting server on port 3000","timestamp":"2025-05-07 19:40:54"}
{"level":"info","message":"Starting server on port 3000","timestamp":"2025-05-07 19:40:54"}
{"level":"info","message":"Database is configured for: urlShortener","timestamp":"2025-05-07 19:41:05"}
{"level":"info","message":"Attempting to Start server on port 3000","timestamp":"2025-05-07 19:41:05"}
{"level":"info","message":"Client connected from Pool (Total count: 1","timestamp":"2025-05-07 19:41:05"}
{"level":"info","message":"Database connection pool established successfully","timestamp":"2025-05-07 19:41:05"}
{"level":"info","message":"Initializing database schema...","timestamp":"2025-05-07 19:41:05"}
{"level":"info","message":"Database schema initialized successfully","timestamp":"2025-05-07 19:41:05"}
{"level":"info","message":"Starting server on port 3000","timestamp":"2025-05-07 19:41:05"}
{"level":"info","message":"Starting server on port 3000","timestamp":"2025-05-07 19:41:05"}
{"level":"info","message":"Database is configured for: urlShortener","timestamp":"2025-05-07 19:41:09"}
{"level":"info","message":"Attempting to Start server on port 3000","timestamp":"2025-05-07 19:41:10"}
{"level":"info","message":"Client connected from Pool (Total count: 1","timestamp":"2025-05-07 19:41:10"}
{"level":"info","message":"Database connection pool established successfully","timestamp":"2025-05-07 19:41:10"}
{"level":"info","message":"Initializing database schema...","timestamp":"2025-05-07 19:41:10"}
{"level":"info","message":"Database schema initialized successfully","timestamp":"2025-05-07 19:41:10"}
{"level":"info","message":"Starting server on port 3000","timestamp":"2025-05-07 19:41:10"}
{"level":"info","message":"Starting server on port 3000","timestamp":"2025-05-07 19:41:10"}
{"level":"info","message":"Database is configured for: urlShortener","timestamp":"2025-05-07 19:41:15"}
{"level":"info","message":"Attempting to Start server on port 3000","timestamp":"2025-05-07 19:41:15"}
{"level":"info","message":"Client connected from Pool (Total count: 1","timestamp":"2025-05-07 19:41:15"}
{"level":"info","message":"Database connection pool established successfully","timestamp":"2025-05-07 19:41:15"}
{"level":"info","message":"Initializing database schema...","timestamp":"2025-05-07 19:41:15"}
{"level":"info","message":"Database schema initialized successfully","timestamp":"2025-05-07 19:41:15"}
{"level":"info","message":"Starting server on port 3000","timestamp":"2025-05-07 19:41:15"}
{"level":"info","message":"Starting server on port 3000","timestamp":"2025-05-07 19:41:15"}
{"level":"info","message":"Database is configured for: urlShortener","timestamp":"2025-05-07 19:41:20"}
{"level":"info","message":"Attempting to Start server on port 3000","timestamp":"2025-05-07 19:41:20"}
{"level":"info","message":"Client connected from Pool (Total count: 1","timestamp":"2025-05-07 19:41:20"}
{"level":"info","message":"Database connection pool established successfully","timestamp":"2025-05-07 19:41:20"}
{"level":"info","message":"Initializing database schema...","timestamp":"2025-05-07 19:41:20"}
{"level":"info","message":"Database schema initialized successfully","timestamp":"2025-05-07 19:41:20"}
{"level":"info","message":"Starting server on port 3000","timestamp":"2025-05-07 19:41:20"}
{"level":"info","message":"Starting server on port 3000","timestamp":"2025-05-07 19:41:20"}
{"level":"info","message":"Database is configured for: urlShortener","timestamp":"2025-05-07 19:41:22"}
{"level":"info","message":"Attempting to Start server on port 3000","timestamp":"2025-05-07 19:41:22"}
{"level":"info","message":"Client connected from Pool (Total count: 1","timestamp":"2025-05-07 19:41:22"}
{"level":"info","message":"Database connection pool established successfully","timestamp":"2025-05-07 19:41:22"}
{"level":"info","message":"Initializing database schema...","timestamp":"2025-05-07 19:41:22"}
{"level":"info","message":"Database schema initialized successfully","timestamp":"2025-05-07 19:41:22"}
{"level":"info","message":"Starting server on port 3000","timestamp":"2025-05-07 19:41:22"}
{"level":"info","message":"Starting server on port 3000","timestamp":"2025-05-07 19:41:22"}
{"level":"info","message":"Database is configured for: urlShortener","timestamp":"2025-05-07 19:41:25"}
{"level":"info","message":"Attempting to Start server on port 3000","timestamp":"2025-05-07 19:41:25"}
{"level":"info","message":"Client connected from Pool (Total count: 1","timestamp":"2025-05-07 19:41:25"}
{"level":"info","message":"Database connection pool established successfully","timestamp":"2025-05-07 19:41:25"}
{"level":"info","message":"Initializing database schema...","timestamp":"2025-05-07 19:41:25"}
{"level":"info","message":"Database schema initialized successfully","timestamp":"2025-05-07 19:41:25"}
{"level":"info","message":"Starting server on port 3000","timestamp":"2025-05-07 19:41:25"}
{"level":"info","message":"Starting server on port 3000","timestamp":"2025-05-07 19:41:25"}
{"level":"info","message":"Database is configured for: urlShortener","timestamp":"2025-05-07 19:41:30"}
{"level":"info","message":"Attempting to Start server on port 3000","timestamp":"2025-05-07 19:41:30"}
{"level":"info","message":"Client connected from Pool (Total count: 1","timestamp":"2025-05-07 19:41:30"}
{"level":"info","message":"Database connection pool established successfully","timestamp":"2025-05-07 19:41:30"}
{"level":"info","message":"Initializing database schema...","timestamp":"2025-05-07 19:41:30"}
{"level":"info","message":"Database schema initialized successfully","timestamp":"2025-05-07 19:41:30"}
{"level":"info","message":"Starting server on port 3000","timestamp":"2025-05-07 19:41:30"}
{"level":"info","message":"Starting server on port 3000","timestamp":"2025-05-07 19:41:31"}
{"level":"info","message":"Database is configured for: urlShortener","timestamp":"2025-05-07 19:41:34"}
{"level":"info","message":"Attempting to Start server on port 3000","timestamp":"2025-05-07 19:41:34"}
{"level":"info","message":"Client connected from Pool (Total count: 1","timestamp":"2025-05-07 19:41:34"}
{"level":"info","message":"Database connection pool established successfully","timestamp":"2025-05-07 19:41:34"}
{"level":"info","message":"Initializing database schema...","timestamp":"2025-05-07 19:41:34"}
{"level":"info","message":"Database schema initialized successfully","timestamp":"2025-05-07 19:41:34"}
{"level":"info","message":"Starting server on port 3000","timestamp":"2025-05-07 19:41:34"}
{"level":"info","message":"Starting server on port 3000","timestamp":"2025-05-07 19:41:34"}
{"level":"info","message":"Database is configured for: urlShortener","timestamp":"2025-05-07 19:41:37"}
{"level":"info","message":"Attempting to Start server on port 3000","timestamp":"2025-05-07 19:41:37"}
{"level":"info","message":"Client connected from Pool (Total count: 1","timestamp":"2025-05-07 19:41:37"}
{"level":"info","message":"Database connection pool established successfully","timestamp":"2025-05-07 19:41:37"}
{"level":"info","message":"Initializing database schema...","timestamp":"2025-05-07 19:41:37"}
{"level":"info","message":"Database schema initialized successfully","timestamp":"2025-05-07 19:41:37"}
{"level":"info","message":"Starting server on port 3000","timestamp":"2025-05-07 19:41:37"}
{"level":"info","message":"Starting server on port 3000","timestamp":"2025-05-07 19:41:37"}
{"level":"info","message":"Database is configured for: urlShortener","timestamp":"2025-05-07 19:41:41"}
{"level":"info","message":"Attempting to Start server on port 3000","timestamp":"2025-05-07 19:41:41"}
{"level":"info","message":"Client connected from Pool (Total count: 1","timestamp":"2025-05-07 19:41:42"}
{"level":"info","message":"Database connection pool established successfully","timestamp":"2025-05-07 19:41:42"}
{"level":"info","message":"Initializing database schema...","timestamp":"2025-05-07 19:41:42"}
{"level":"info","message":"Database schema initialized successfully","timestamp":"2025-05-07 19:41:42"}
{"level":"info","message":"Starting server on port 3000","timestamp":"2025-05-07 19:41:42"}
{"level":"info","message":"Starting server on port 3000","timestamp":"2025-05-07 19:41:42"}
{"level":"info","message":"Database is configured for: urlShortener","timestamp":"2025-05-07 19:41:47"}
{"level":"info","message":"Attempting to Start server on port 3000","timestamp":"2025-05-07 19:41:47"}
{"level":"info","message":"Client connected from Pool (Total count: 1","timestamp":"2025-05-07 19:41:47"}
{"level":"info","message":"Database connection pool established successfully","timestamp":"2025-05-07 19:41:47"}
{"level":"info","message":"Initializing database schema...","timestamp":"2025-05-07 19:41:47"}
{"level":"info","message":"Database schema initialized successfully","timestamp":"2025-05-07 19:41:47"}
{"level":"info","message":"Starting server on port 3000","timestamp":"2025-05-07 19:41:47"}
{"level":"info","message":"Starting server on port 3000","timestamp":"2025-05-07 19:41:47"}
{"level":"info","message":"Database is configured for: urlShortener","timestamp":"2025-05-07 19:41:49"}
{"level":"info","message":"Attempting to Start server on port 3000","timestamp":"2025-05-07 19:41:49"}
{"level":"info","message":"Client connected from Pool (Total count: 1","timestamp":"2025-05-07 19:41:49"}
{"level":"info","message":"Database connection pool established successfully","timestamp":"2025-05-07 19:41:49"}
{"level":"info","message":"Initializing database schema...","timestamp":"2025-05-07 19:41:49"}
{"level":"info","message":"Database schema initialized successfully","timestamp":"2025-05-07 19:41:49"}
{"level":"info","message":"Starting server on port 3000","timestamp":"2025-05-07 19:41:49"}
{"level":"info","message":"Starting server on port 3000","timestamp":"2025-05-07 19:41:49"}
{"level":"info","message":"Database is configured for: urlShortener","timestamp":"2025-05-07 19:41:54"}
{"level":"info","message":"Attempting to Start server on port 3000","timestamp":"2025-05-07 19:41:54"}
{"level":"info","message":"Client connected from Pool (Total count: 1","timestamp":"2025-05-07 19:41:54"}
{"level":"info","message":"Database connection pool established successfully","timestamp":"2025-05-07 19:41:54"}
{"level":"info","message":"Initializing database schema...","timestamp":"2025-05-07 19:41:54"}
{"level":"info","message":"Database schema initialized successfully","timestamp":"2025-05-07 19:41:54"}
{"level":"info","message":"Starting server on port 3000","timestamp":"2025-05-07 19:41:54"}
{"level":"info","message":"Starting server on port 3000","timestamp":"2025-05-07 19:41:54"}
{"level":"info","message":"Database is configured for: urlShortener","timestamp":"2025-05-07 19:41:56"}
{"level":"info","message":"Attempting to Start server on port 3000","timestamp":"2025-05-07 19:41:56"}
{"level":"info","message":"Client connected from Pool (Total count: 1","timestamp":"2025-05-07 19:41:56"}
{"level":"info","message":"Database connection pool established successfully","timestamp":"2025-05-07 19:41:56"}
{"level":"info","message":"Initializing database schema...","timestamp":"2025-05-07 19:41:56"}
{"level":"info","message":"Database schema initialized successfully","timestamp":"2025-05-07 19:41:56"}
{"level":"info","message":"Starting server on port 3000","timestamp":"2025-05-07 19:41:56"}
{"level":"info","message":"Starting server on port 3000","timestamp":"2025-05-07 19:41:56"}
{"level":"info","message":"Database is configured for: urlShortener","timestamp":"2025-05-07 19:41:58"}
{"level":"info","message":"Attempting to Start server on port 3000","timestamp":"2025-05-07 19:41:58"}
{"level":"info","message":"Client connected from Pool (Total count: 1","timestamp":"2025-05-07 19:41:58"}
{"level":"info","message":"Database connection pool established successfully","timestamp":"2025-05-07 19:41:58"}
{"level":"info","message":"Initializing database schema...","timestamp":"2025-05-07 19:41:58"}
{"level":"info","message":"Database schema initialized successfully","timestamp":"2025-05-07 19:41:58"}
{"level":"info","message":"Starting server on port 3000","timestamp":"2025-05-07 19:41:58"}
{"level":"info","message":"Starting server on port 3000","timestamp":"2025-05-07 19:41:58"}
{"level":"info","message":"Database is configured for: urlShortener","timestamp":"2025-05-07 19:42:00"}
{"level":"info","message":"Attempting to Start server on port 3000","timestamp":"2025-05-07 19:42:00"}
{"level":"info","message":"Client connected from Pool (Total count: 1","timestamp":"2025-05-07 19:42:01"}
{"level":"info","message":"Database connection pool established successfully","timestamp":"2025-05-07 19:42:01"}
{"level":"info","message":"Initializing database schema...","timestamp":"2025-05-07 19:42:01"}
{"level":"info","message":"Database schema initialized successfully","timestamp":"2025-05-07 19:42:01"}
{"level":"info","message":"Starting server on port 3000","timestamp":"2025-05-07 19:42:01"}
{"level":"info","message":"Starting server on port 3000","timestamp":"2025-05-07 19:42:01"}
{"level":"info","message":"Database is configured for: urlShortener","timestamp":"2025-05-07 19:42:04"}
{"level":"info","message":"Attempting to Start server on port 3000","timestamp":"2025-05-07 19:42:04"}
{"level":"info","message":"Client connected from Pool (Total count: 1","timestamp":"2025-05-07 19:42:04"}
{"level":"info","message":"Database connection pool established successfully","timestamp":"2025-05-07 19:42:04"}
{"level":"info","message":"Initializing database schema...","timestamp":"2025-05-07 19:42:04"}
{"level":"info","message":"Database schema initialized successfully","timestamp":"2025-05-07 19:42:04"}
{"level":"info","message":"Starting server on port 3000","timestamp":"2025-05-07 19:42:04"}
{"level":"info","message":"Starting server on port 3000","timestamp":"2025-05-07 19:42:04"}
{"level":"info","message":"Database is configured for: urlShortener","timestamp":"2025-05-07 19:42:07"}
{"level":"info","message":"Attempting to Start server on port 3000","timestamp":"2025-05-07 19:42:07"}
{"level":"info","message":"Client connected from Pool (Total count: 1","timestamp":"2025-05-07 19:42:07"}
{"level":"info","message":"Database connection pool established successfully","timestamp":"2025-05-07 19:42:07"}
{"level":"info","message":"Initializing database schema...","timestamp":"2025-05-07 19:42:07"}
{"level":"info","message":"Database schema initialized successfully","timestamp":"2025-05-07 19:42:07"}
{"level":"info","message":"Starting server on port 3000","timestamp":"2025-05-07 19:42:07"}
{"level":"info","message":"Starting server on port 3000","timestamp":"2025-05-07 19:42:07"}
{"level":"info","message":"Database is configured for: urlShortener","timestamp":"2025-05-07 19:42:11"}
{"level":"info","message":"Attempting to Start server on port 3000","timestamp":"2025-05-07 19:42:11"}
{"level":"info","message":"Client connected from Pool (Total count: 1","timestamp":"2025-05-07 19:42:11"}
{"level":"info","message":"Database connection pool established successfully","timestamp":"2025-05-07 19:42:11"}
{"level":"info","message":"Initializing database schema...","timestamp":"2025-05-07 19:42:11"}
{"level":"info","message":"Database schema initialized successfully","timestamp":"2025-05-07 19:42:11"}
{"level":"info","message":"Starting server on port 3000","timestamp":"2025-05-07 19:42:11"}
{"level":"info","message":"Starting server on port 3000","timestamp":"2025-05-07 19:42:11"}
{"level":"info","message":"Database is configured for: urlShortener","timestamp":"2025-05-07 19:42:16"}
{"level":"info","message":"Attempting to Start server on port 3000","timestamp":"2025-05-07 19:42:16"}
{"level":"info","message":"Client connected from Pool (Total count: 1","timestamp":"2025-05-07 19:42:16"}
{"level":"info","message":"Database connection pool established successfully","timestamp":"2025-05-07 19:42:16"}
{"level":"info","message":"Initializing database schema...","timestamp":"2025-05-07 19:42:16"}
{"level":"info","message":"Database schema initialized successfully","timestamp":"2025-05-07 19:42:16"}
{"level":"info","message":"Starting server on port 3000","timestamp":"2025-05-07 19:42:16"}
{"level":"info","message":"Starting server on port 3000","timestamp":"2025-05-07 19:42:16"}
{"level":"info","message":"Database is configured for: urlShortener","timestamp":"2025-05-07 19:42:19"}
{"level":"info","message":"Attempting to Start server on port 3000","timestamp":"2025-05-07 19:42:19"}
{"level":"info","message":"Client connected from Pool (Total count: 1","timestamp":"2025-05-07 19:42:19"}
{"level":"info","message":"Database connection pool established successfully","timestamp":"2025-05-07 19:42:19"}
{"level":"info","message":"Initializing database schema...","timestamp":"2025-05-07 19:42:19"}
{"level":"info","message":"Database schema initialized successfully","timestamp":"2025-05-07 19:42:19"}
{"level":"info","message":"Starting server on port 3000","timestamp":"2025-05-07 19:42:19"}
{"level":"info","message":"Starting server on port 3000","timestamp":"2025-05-07 19:42:19"}
{"level":"info","message":"Database is configured for: urlShortener","timestamp":"2025-05-07 19:42:21"}
{"level":"info","message":"Attempting to Start server on port 3000","timestamp":"2025-05-07 19:42:21"}
{"level":"info","message":"Client connected from Pool (Total count: 1","timestamp":"2025-05-07 19:42:21"}
{"level":"info","message":"Database connection pool established successfully","timestamp":"2025-05-07 19:42:21"}
{"level":"info","message":"Initializing database schema...","timestamp":"2025-05-07 19:42:21"}
{"level":"info","message":"Database schema initialized successfully","timestamp":"2025-05-07 19:42:21"}
{"level":"info","message":"Starting server on port 3000","timestamp":"2025-05-07 19:42:21"}
{"level":"info","message":"Starting server on port 3000","timestamp":"2025-05-07 19:42:21"}
{"level":"info","message":"Database is configured for: urlShortener","timestamp":"2025-05-07 19:42:23"}
{"level":"info","message":"Attempting to Start server on port 3000","timestamp":"2025-05-07 19:42:23"}
{"level":"info","message":"Client connected from Pool (Total count: 1","timestamp":"2025-05-07 19:42:23"}
{"level":"info","message":"Database connection pool established successfully","timestamp":"2025-05-07 19:42:23"}
{"level":"info","message":"Initializing database schema...","timestamp":"2025-05-07 19:42:23"}
{"level":"info","message":"Database schema initialized successfully","timestamp":"2025-05-07 19:42:23"}
{"level":"info","message":"Starting server on port 3000","timestamp":"2025-05-07 19:42:23"}
{"level":"info","message":"Starting server on port 3000","timestamp":"2025-05-07 19:42:23"}
{"level":"info","message":"Database is configured for: urlShortener","timestamp":"2025-05-07 19:42:30"}
{"level":"info","message":"Attempting to Start server on port 3000","timestamp":"2025-05-07 19:42:30"}
{"level":"info","message":"Client connected from Pool (Total count: 1","timestamp":"2025-05-07 19:42:30"}
{"level":"info","message":"Database connection pool established successfully","timestamp":"2025-05-07 19:42:30"}
{"level":"info","message":"Initializing database schema...","timestamp":"2025-05-07 19:42:30"}
{"level":"info","message":"Database schema initialized successfully","timestamp":"2025-05-07 19:42:30"}
{"level":"info","message":"Starting server on port 3000","timestamp":"2025-05-07 19:42:30"}
{"level":"info","message":"Starting server on port 3000","timestamp":"2025-05-07 19:42:30"}
{"level":"info","message":"Database is configured for: urlShortener","timestamp":"2025-05-07 19:42:38"}
{"level":"info","message":"Attempting to Start server on port 3000","timestamp":"2025-05-07 19:42:38"}
{"level":"info","message":"Client connected from Pool (Total count: 1","timestamp":"2025-05-07 19:42:38"}
{"level":"info","message":"Database connection pool established successfully","timestamp":"2025-05-07 19:42:38"}
{"level":"info","message":"Initializing database schema...","timestamp":"2025-05-07 19:42:38"}
{"level":"info","message":"Database schema initialized successfully","timestamp":"2025-05-07 19:42:38"}
{"level":"info","message":"Starting server on port 3000","timestamp":"2025-05-07 19:42:38"}
{"level":"info","message":"Starting server on port 3000","timestamp":"2025-05-07 19:42:38"}
{"level":"info","message":"Database is configured for: urlShortener","timestamp":"2025-05-07 19:42:44"}
{"level":"info","message":"Attempting to Start server on port 3000","timestamp":"2025-05-07 19:42:44"}
{"level":"info","message":"Client connected from Pool (Total count: 1","timestamp":"2025-05-07 19:42:44"}
{"level":"info","message":"Database connection pool established successfully","timestamp":"2025-05-07 19:42:44"}
{"level":"info","message":"Initializing database schema...","timestamp":"2025-05-07 19:42:44"}
{"level":"info","message":"Database schema initialized successfully","timestamp":"2025-05-07 19:42:44"}
{"level":"info","message":"Starting server on port 3000","timestamp":"2025-05-07 19:42:44"}
{"level":"info","message":"Starting server on port 3000","timestamp":"2025-05-07 19:42:44"}
{"level":"info","message":"Database is configured for: urlShortener","timestamp":"2025-05-07 19:42:53"}
{"level":"info","message":"Attempting to Start server on port 3000","timestamp":"2025-05-07 19:42:53"}
{"level":"info","message":"Client connected from Pool (Total count: 1","timestamp":"2025-05-07 19:42:53"}
{"level":"info","message":"Database connection pool established successfully","timestamp":"2025-05-07 19:42:53"}
{"level":"info","message":"Initializing database schema...","timestamp":"2025-05-07 19:42:53"}
{"level":"info","message":"Database schema initialized successfully","timestamp":"2025-05-07 19:42:53"}
{"level":"info","message":"Starting server on port 3000","timestamp":"2025-05-07 19:42:53"}
{"level":"info","message":"Starting server on port 3000","timestamp":"2025-05-07 19:42:53"}
{"level":"info","message":"Database is configured for: urlShortener","timestamp":"2025-05-07 19:42:54"}
{"level":"info","message":"Attempting to Start server on port 3000","timestamp":"2025-05-07 19:42:54"}
{"level":"info","message":"Client connected from Pool (Total count: 1","timestamp":"2025-05-07 19:42:54"}
{"level":"info","message":"Database connection pool established successfully","timestamp":"2025-05-07 19:42:54"}
{"level":"info","message":"Initializing database schema...","timestamp":"2025-05-07 19:42:54"}
{"level":"info","message":"Database schema initialized successfully","timestamp":"2025-05-07 19:42:54"}
{"level":"info","message":"Starting server on port 3000","timestamp":"2025-05-07 19:42:54"}
{"level":"info","message":"Starting server on port 3000","timestamp":"2025-05-07 19:42:54"}
{"level":"info","message":"Database is configured for: urlShortener","timestamp":"2025-05-07 19:42:59"}
{"level":"info","message":"Attempting to Start server on port 3000","timestamp":"2025-05-07 19:42:59"}
{"level":"info","message":"Client connected from Pool (Total count: 1","timestamp":"2025-05-07 19:42:59"}
{"level":"info","message":"Database connection pool established successfully","timestamp":"2025-05-07 19:42:59"}
{"level":"info","message":"Initializing database schema...","timestamp":"2025-05-07 19:42:59"}
{"level":"info","message":"Database schema initialized successfully","timestamp":"2025-05-07 19:42:59"}
{"level":"info","message":"Starting server on port 3000","timestamp":"2025-05-07 19:42:59"}
{"level":"info","message":"Starting server on port 3000","timestamp":"2025-05-07 19:42:59"}
{"level":"info","message":"Database is configured for: urlShortener","timestamp":"2025-05-07 19:43:01"}
{"level":"info","message":"Attempting to Start server on port 3000","timestamp":"2025-05-07 19:43:01"}
{"level":"info","message":"Client connected from Pool (Total count: 1","timestamp":"2025-05-07 19:43:01"}
{"level":"info","message":"Database connection pool established successfully","timestamp":"2025-05-07 19:43:01"}
{"level":"info","message":"Initializing database schema...","timestamp":"2025-05-07 19:43:01"}
{"level":"info","message":"Database schema initialized successfully","timestamp":"2025-05-07 19:43:01"}
{"level":"info","message":"Starting server on port 3000","timestamp":"2025-05-07 19:43:01"}
{"level":"info","message":"Starting server on port 3000","timestamp":"2025-05-07 19:43:01"}
{"level":"info","message":"Database is configured for: urlShortener","timestamp":"2025-05-07 19:43:03"}
{"level":"info","message":"Attempting to Start server on port 3000","timestamp":"2025-05-07 19:43:03"}
{"level":"info","message":"Client connected from Pool (Total count: 1","timestamp":"2025-05-07 19:43:03"}
{"level":"info","message":"Database connection pool established successfully","timestamp":"2025-05-07 19:43:03"}
{"level":"info","message":"Initializing database schema...","timestamp":"2025-05-07 19:43:03"}
{"level":"info","message":"Database schema initialized successfully","timestamp":"2025-05-07 19:43:03"}
{"level":"info","message":"Starting server on port 3000","timestamp":"2025-05-07 19:43:03"}
{"level":"info","message":"Starting server on port 3000","timestamp":"2025-05-07 19:43:03"}
{"level":"info","message":"Database is configured for: urlShortener","timestamp":"2025-05-07 19:43:05"}
{"level":"info","message":"Attempting to Start server on port 3000","timestamp":"2025-05-07 19:43:05"}
{"level":"info","message":"Client connected from Pool (Total count: 1","timestamp":"2025-05-07 19:43:05"}
{"level":"info","message":"Database connection pool established successfully","timestamp":"2025-05-07 19:43:05"}
{"level":"info","message":"Initializing database schema...","timestamp":"2025-05-07 19:43:05"}
{"level":"info","message":"Database schema initialized successfully","timestamp":"2025-05-07 19:43:05"}
{"level":"info","message":"Starting server on port 3000","timestamp":"2025-05-07 19:43:05"}
{"level":"info","message":"Starting server on port 3000","timestamp":"2025-05-07 19:43:05"}
{"level":"info","message":"Database is configured for: urlShortener","timestamp":"2025-05-07 19:43:08"}
{"level":"info","message":"Attempting to Start server on port 3000","timestamp":"2025-05-07 19:43:08"}
{"level":"info","message":"Client connected from Pool (Total count: 1","timestamp":"2025-05-07 19:43:08"}
{"level":"info","message":"Database connection pool established successfully","timestamp":"2025-05-07 19:43:08"}
{"level":"info","message":"Initializing database schema...","timestamp":"2025-05-07 19:43:08"}
{"level":"info","message":"Database schema initialized successfully","timestamp":"2025-05-07 19:43:08"}
{"level":"info","message":"Starting server on port 3000","timestamp":"2025-05-07 19:43:08"}
{"level":"info","message":"Starting server on port 3000","timestamp":"2025-05-07 19:43:08"}
{"level":"info","message":"Database is configured for: urlShortener","timestamp":"2025-05-07 19:43:12"}
{"level":"info","message":"Attempting to Start server on port 3000","timestamp":"2025-05-07 19:43:12"}
{"level":"info","message":"Client connected from Pool (Total count: 1","timestamp":"2025-05-07 19:43:12"}
{"level":"info","message":"Database connection pool established successfully","timestamp":"2025-05-07 19:43:12"}
{"level":"info","message":"Initializing database schema...","timestamp":"2025-05-07 19:43:12"}
{"level":"info","message":"Database schema initialized successfully","timestamp":"2025-05-07 19:43:12"}
{"level":"info","message":"Starting server on port 3000","timestamp":"2025-05-07 19:43:12"}
{"level":"info","message":"Starting server on port 3000","timestamp":"2025-05-07 19:43:12"}
{"level":"info","message":"Database is configured for: urlShortener","timestamp":"2025-05-07 19:43:13"}
{"level":"info","message":"Attempting to Start server on port 3000","timestamp":"2025-05-07 19:43:13"}
{"level":"info","message":"Client connected from Pool (Total count: 1","timestamp":"2025-05-07 19:43:13"}
{"level":"info","message":"Database connection pool established successfully","timestamp":"2025-05-07 19:43:13"}
{"level":"info","message":"Initializing database schema...","timestamp":"2025-05-07 19:43:13"}
{"level":"info","message":"Database schema initialized successfully","timestamp":"2025-05-07 19:43:13"}
{"level":"info","message":"Starting server on port 3000","timestamp":"2025-05-07 19:43:13"}
{"level":"info","message":"Starting server on port 3000","timestamp":"2025-05-07 19:43:13"}
{"level":"info","message":"Database is configured for: urlShortener","timestamp":"2025-05-07 19:43:14"}
{"level":"info","message":"Attempting to Start server on port 3000","timestamp":"2025-05-07 19:43:14"}
{"level":"info","message":"Client connected from Pool (Total count: 1","timestamp":"2025-05-07 19:43:14"}
{"level":"info","message":"Database connection pool established successfully","timestamp":"2025-05-07 19:43:14"}
{"level":"info","message":"Initializing database schema...","timestamp":"2025-05-07 19:43:14"}
{"level":"info","message":"Database schema initialized successfully","timestamp":"2025-05-07 19:43:15"}
{"level":"info","message":"Starting server on port 3000","timestamp":"2025-05-07 19:43:15"}
{"level":"info","message":"Starting server on port 3000","timestamp":"2025-05-07 19:43:15"}
{"level":"info","message":"Database is configured for: urlShortener","timestamp":"2025-05-07 19:43:24"}
{"level":"info","message":"Attempting to Start server on port 3000","timestamp":"2025-05-07 19:43:24"}
{"level":"info","message":"Client connected from Pool (Total count: 1","timestamp":"2025-05-07 19:43:24"}
{"level":"info","message":"Database connection pool established successfully","timestamp":"2025-05-07 19:43:24"}
{"level":"info","message":"Initializing database schema...","timestamp":"2025-05-07 19:43:24"}
{"level":"info","message":"Database schema initialized successfully","timestamp":"2025-05-07 19:43:24"}
{"level":"info","message":"Starting server on port 3000","timestamp":"2025-05-07 19:43:24"}
{"level":"info","message":"Starting server on port 3000","timestamp":"2025-05-07 19:43:24"}
{"level":"info","message":"Database is configured for: urlShortener","timestamp":"2025-05-07 19:43:28"}
{"level":"info","message":"Attempting to Start server on port 3000","timestamp":"2025-05-07 19:43:28"}
{"level":"info","message":"Client connected from Pool (Total count: 1","timestamp":"2025-05-07 19:43:28"}
{"level":"info","message":"Database connection pool established successfully","timestamp":"2025-05-07 19:43:28"}
{"level":"info","message":"Initializing database schema...","timestamp":"2025-05-07 19:43:28"}
{"level":"info","message":"Database schema initialized successfully","timestamp":"2025-05-07 19:43:28"}
{"level":"info","message":"Starting server on port 3000","timestamp":"2025-05-07 19:43:28"}
{"level":"info","message":"Starting server on port 3000","timestamp":"2025-05-07 19:43:28"}
{"level":"info","message":"Database is configured for: urlShortener","timestamp":"2025-05-07 19:43:29"}
{"level":"info","message":"Attempting to Start server on port 3000","timestamp":"2025-05-07 19:43:29"}
{"level":"info","message":"Client connected from Pool (Total count: 1","timestamp":"2025-05-07 19:43:29"}
{"level":"info","message":"Database connection pool established successfully","timestamp":"2025-05-07 19:43:29"}
{"level":"info","message":"Initializing database schema...","timestamp":"2025-05-07 19:43:29"}
{"level":"info","message":"Database schema initialized successfully","timestamp":"2025-05-07 19:43:29"}
{"level":"info","message":"Starting server on port 3000","timestamp":"2025-05-07 19:43:29"}
{"level":"info","message":"Starting server on port 3000","timestamp":"2025-05-07 19:43:29"}
{"level":"info","message":"Database is configured for: urlShortener","timestamp":"2025-05-07 19:43:32"}
{"level":"info","message":"Attempting to Start server on port 3000","timestamp":"2025-05-07 19:43:32"}
{"level":"info","message":"Client connected from Pool (Total count: 1","timestamp":"2025-05-07 19:43:32"}
{"level":"info","message":"Database connection pool established successfully","timestamp":"2025-05-07 19:43:32"}
{"level":"info","message":"Initializing database schema...","timestamp":"2025-05-07 19:43:32"}
{"level":"info","message":"Database schema initialized successfully","timestamp":"2025-05-07 19:43:32"}
{"level":"info","message":"Starting server on port 3000","timestamp":"2025-05-07 19:43:32"}
{"level":"info","message":"Starting server on port 3000","timestamp":"2025-05-07 19:43:32"}
{"level":"info","message":"Database is configured for: urlShortener","timestamp":"2025-05-07 19:43:34"}
{"level":"info","message":"Attempting to Start server on port 3000","timestamp":"2025-05-07 19:43:34"}
{"level":"info","message":"Client connected from Pool (Total count: 1","timestamp":"2025-05-07 19:43:34"}
{"level":"info","message":"Database connection pool established successfully","timestamp":"2025-05-07 19:43:34"}
{"level":"info","message":"Initializing database schema...","timestamp":"2025-05-07 19:43:34"}
{"level":"info","message":"Database schema initialized successfully","timestamp":"2025-05-07 19:43:34"}
{"level":"info","message":"Starting server on port 3000","timestamp":"2025-05-07 19:43:34"}
{"level":"info","message":"Starting server on port 3000","timestamp":"2025-05-07 19:43:34"}
{"level":"info","message":"Database is configured for: urlShortener","timestamp":"2025-05-07 19:43:36"}
{"level":"info","message":"Attempting to Start server on port 3000","timestamp":"2025-05-07 19:43:36"}
{"level":"info","message":"Client connected from Pool (Total count: 1","timestamp":"2025-05-07 19:43:36"}
{"level":"info","message":"Database connection pool established successfully","timestamp":"2025-05-07 19:43:36"}
{"level":"info","message":"Initializing database schema...","timestamp":"2025-05-07 19:43:36"}
{"level":"info","message":"Database schema initialized successfully","timestamp":"2025-05-07 19:43:36"}
{"level":"info","message":"Starting server on port 3000","timestamp":"2025-05-07 19:43:36"}
{"level":"info","message":"Starting server on port 3000","timestamp":"2025-05-07 19:43:36"}
{"level":"info","message":"Database is configured for: urlShortener","timestamp":"2025-05-07 19:43:40"}
{"level":"info","message":"Attempting to Start server on port 3000","timestamp":"2025-05-07 19:43:40"}
{"level":"info","message":"Client connected from Pool (Total count: 1","timestamp":"2025-05-07 19:43:40"}
{"level":"info","message":"Database connection pool established successfully","timestamp":"2025-05-07 19:43:40"}
{"level":"info","message":"Initializing database schema...","timestamp":"2025-05-07 19:43:40"}
{"level":"info","message":"Database schema initialized successfully","timestamp":"2025-05-07 19:43:40"}
{"level":"info","message":"Starting server on port 3000","timestamp":"2025-05-07 19:43:40"}
{"level":"info","message":"Starting server on port 3000","timestamp":"2025-05-07 19:43:40"}
{"level":"info","message":"Database is configured for: urlShortener","timestamp":"2025-05-07 19:43:44"}
{"level":"info","message":"Attempting to Start server on port 3000","timestamp":"2025-05-07 19:43:44"}
{"level":"info","message":"Client connected from Pool (Total count: 1","timestamp":"2025-05-07 19:43:44"}
{"level":"info","message":"Database connection pool established successfully","timestamp":"2025-05-07 19:43:44"}
{"level":"info","message":"Initializing database schema...","timestamp":"2025-05-07 19:43:44"}
{"level":"info","message":"Database schema initialized successfully","timestamp":"2025-05-07 19:43:44"}
{"level":"info","message":"Starting server on port 3000","timestamp":"2025-05-07 19:43:44"}
{"level":"info","message":"Starting server on port 3000","timestamp":"2025-05-07 19:43:44"}
{"level":"info","message":"Database is configured for: urlShortener","timestamp":"2025-05-07 19:43:46"}
{"level":"info","message":"Attempting to Start server on port 3000","timestamp":"2025-05-07 19:43:46"}
{"level":"info","message":"Client connected from Pool (Total count: 1","timestamp":"2025-05-07 19:43:46"}
{"level":"info","message":"Database connection pool established successfully","timestamp":"2025-05-07 19:43:46"}
{"level":"info","message":"Initializing database schema...","timestamp":"2025-05-07 19:43:46"}
{"level":"info","message":"Database schema initialized successfully","timestamp":"2025-05-07 19:43:46"}
{"level":"info","message":"Starting server on port 3000","timestamp":"2025-05-07 19:43:46"}
{"level":"info","message":"Starting server on port 3000","timestamp":"2025-05-07 19:43:46"}
{"level":"info","message":"Database is configured for: urlShortener","timestamp":"2025-05-07 19:43:49"}
{"level":"info","message":"Attempting to Start server on port 3000","timestamp":"2025-05-07 19:43:49"}
{"level":"info","message":"Client connected from Pool (Total count: 1","timestamp":"2025-05-07 19:43:49"}
{"level":"info","message":"Database connection pool established successfully","timestamp":"2025-05-07 19:43:49"}
{"level":"info","message":"Initializing database schema...","timestamp":"2025-05-07 19:43:49"}
{"level":"info","message":"Database schema initialized successfully","timestamp":"2025-05-07 19:43:49"}
{"level":"info","message":"Starting server on port 3000","timestamp":"2025-05-07 19:43:49"}
{"level":"info","message":"Starting server on port 3000","timestamp":"2025-05-07 19:43:49"}
{"level":"info","message":"Database is configured for: urlShortener","timestamp":"2025-05-07 19:43:52"}
{"level":"info","message":"Attempting to Start server on port 3000","timestamp":"2025-05-07 19:43:52"}
{"level":"info","message":"Client connected from Pool (Total count: 1","timestamp":"2025-05-07 19:43:52"}
{"level":"info","message":"Database connection pool established successfully","timestamp":"2025-05-07 19:43:52"}
{"level":"info","message":"Initializing database schema...","timestamp":"2025-05-07 19:43:52"}
{"level":"info","message":"Database schema initialized successfully","timestamp":"2025-05-07 19:43:52"}
{"level":"info","message":"Starting server on port 3000","timestamp":"2025-05-07 19:43:52"}
{"level":"info","message":"Starting server on port 3000","timestamp":"2025-05-07 19:43:52"}
{"level":"info","message":"Database is configured for: urlShortener","timestamp":"2025-05-07 19:44:00"}
{"level":"info","message":"Attempting to Start server on port 3000","timestamp":"2025-05-07 19:44:00"}
{"level":"info","message":"Client connected from Pool (Total count: 1","timestamp":"2025-05-07 19:44:00"}
{"level":"info","message":"Database connection pool established successfully","timestamp":"2025-05-07 19:44:00"}
{"level":"info","message":"Initializing database schema...","timestamp":"2025-05-07 19:44:00"}
{"level":"info","message":"Database schema initialized successfully","timestamp":"2025-05-07 19:44:00"}
{"level":"info","message":"Starting server on port 3000","timestamp":"2025-05-07 19:44:00"}
{"level":"info","message":"Starting server on port 3000","timestamp":"2025-05-07 19:44:00"}
{"level":"info","message":"Database is configured for: urlShortener","timestamp":"2025-05-07 19:44:02"}
{"level":"info","message":"Attempting to Start server on port 3000","timestamp":"2025-05-07 19:44:02"}
{"level":"info","message":"Client connected from Pool (Total count: 1","timestamp":"2025-05-07 19:44:02"}
{"level":"info","message":"Database connection pool established successfully","timestamp":"2025-05-07 19:44:02"}
{"level":"info","message":"Initializing database schema...","timestamp":"2025-05-07 19:44:02"}
{"level":"info","message":"Database schema initialized successfully","timestamp":"2025-05-07 19:44:02"}
{"level":"info","message":"Starting server on port 3000","timestamp":"2025-05-07 19:44:02"}
{"level":"info","message":"Starting server on port 3000","timestamp":"2025-05-07 19:44:02"}
{"level":"info","message":"Database is configured for: urlShortener","timestamp":"2025-05-07 19:44:04"}
{"level":"info","message":"Attempting to Start server on port 3000","timestamp":"2025-05-07 19:44:04"}
{"level":"info","message":"Client connected from Pool (Total count: 1","timestamp":"2025-05-07 19:44:04"}
{"level":"info","message":"Database connection pool established successfully","timestamp":"2025-05-07 19:44:04"}
{"level":"info","message":"Initializing database schema...","timestamp":"2025-05-07 19:44:04"}
{"level":"info","message":"Database schema initialized successfully","timestamp":"2025-05-07 19:44:04"}
{"level":"info","message":"Starting server on port 3000","timestamp":"2025-05-07 19:44:04"}
{"level":"info","message":"Starting server on port 3000","timestamp":"2025-05-07 19:44:04"}
{"level":"info","message":"Database is configured for: urlShortener","timestamp":"2025-05-07 19:44:08"}
{"level":"info","message":"Attempting to Start server on port 3000","timestamp":"2025-05-07 19:44:08"}
{"level":"info","message":"Client connected from Pool (Total count: 1","timestamp":"2025-05-07 19:44:08"}
{"level":"info","message":"Database connection pool established successfully","timestamp":"2025-05-07 19:44:08"}
{"level":"info","message":"Initializing database schema...","timestamp":"2025-05-07 19:44:08"}
{"level":"info","message":"Database schema initialized successfully","timestamp":"2025-05-07 19:44:08"}
{"level":"info","message":"Starting server on port 3000","timestamp":"2025-05-07 19:44:08"}
{"level":"info","message":"Starting server on port 3000","timestamp":"2025-05-07 19:44:08"}
{"level":"info","message":"Database is configured for: urlShortener","timestamp":"2025-05-07 19:44:11"}
{"level":"info","message":"Attempting to Start server on port 3000","timestamp":"2025-05-07 19:44:11"}
{"level":"info","message":"Client connected from Pool (Total count: 1","timestamp":"2025-05-07 19:44:11"}
{"level":"info","message":"Database connection pool established successfully","timestamp":"2025-05-07 19:44:11"}
{"level":"info","message":"Initializing database schema...","timestamp":"2025-05-07 19:44:11"}
{"level":"info","message":"Database schema initialized successfully","timestamp":"2025-05-07 19:44:11"}
{"level":"info","message":"Starting server on port 3000","timestamp":"2025-05-07 19:44:11"}
{"level":"info","message":"Starting server on port 3000","timestamp":"2025-05-07 19:44:11"}
{"level":"info","message":"Database is configured for: urlShortener","timestamp":"2025-05-07 19:44:14"}
{"level":"info","message":"Attempting to Start server on port 3000","timestamp":"2025-05-07 19:44:14"}
{"level":"info","message":"Client connected from Pool (Total count: 1","timestamp":"2025-05-07 19:44:14"}
{"level":"info","message":"Database connection pool established successfully","timestamp":"2025-05-07 19:44:14"}
{"level":"info","message":"Initializing database schema...","timestamp":"2025-05-07 19:44:14"}
{"level":"info","message":"Database schema initialized successfully","timestamp":"2025-05-07 19:44:14"}
{"level":"info","message":"Starting server on port 3000","timestamp":"2025-05-07 19:44:14"}
{"level":"info","message":"Starting server on port 3000","timestamp":"2025-05-07 19:44:14"}
{"level":"info","message":"Database is configured for: urlShortener","timestamp":"2025-05-07 19:44:17"}
{"level":"info","message":"Attempting to Start server on port 3000","timestamp":"2025-05-07 19:44:17"}
{"level":"info","message":"Client connected from Pool (Total count: 1","timestamp":"2025-05-07 19:44:17"}
{"level":"info","message":"Database connection pool established successfully","timestamp":"2025-05-07 19:44:17"}
{"level":"info","message":"Initializing database schema...","timestamp":"2025-05-07 19:44:17"}
{"level":"info","message":"Database schema initialized successfully","timestamp":"2025-05-07 19:44:17"}
{"level":"info","message":"Starting server on port 3000","timestamp":"2025-05-07 19:44:17"}
{"level":"info","message":"Starting server on port 3000","timestamp":"2025-05-07 19:44:17"}
{"level":"info","message":"Database is configured for: urlShortener","timestamp":"2025-05-07 19:44:24"}
{"level":"info","message":"Attempting to Start server on port 3000","timestamp":"2025-05-07 19:44:24"}
{"level":"info","message":"Client connected from Pool (Total count: 1","timestamp":"2025-05-07 19:44:24"}
{"level":"info","message":"Database connection pool established successfully","timestamp":"2025-05-07 19:44:24"}
{"level":"info","message":"Initializing database schema...","timestamp":"2025-05-07 19:44:24"}
{"level":"info","message":"Database schema initialized successfully","timestamp":"2025-05-07 19:44:24"}
{"level":"info","message":"Starting server on port 3000","timestamp":"2025-05-07 19:44:24"}
{"level":"info","message":"Starting server on port 3000","timestamp":"2025-05-07 19:44:24"}
{"level":"info","message":"Database is configured for: urlShortener","timestamp":"2025-05-07 19:44:31"}
{"level":"info","message":"Attempting to Start server on port 3000","timestamp":"2025-05-07 19:44:31"}
{"level":"info","message":"Client connected from Pool (Total count: 1","timestamp":"2025-05-07 19:44:31"}
{"level":"info","message":"Database connection pool established successfully","timestamp":"2025-05-07 19:44:31"}
{"level":"info","message":"Initializing database schema...","timestamp":"2025-05-07 19:44:31"}
{"level":"info","message":"Database schema initialized successfully","timestamp":"2025-05-07 19:44:31"}
{"level":"info","message":"Starting server on port 3000","timestamp":"2025-05-07 19:44:31"}
{"level":"info","message":"Starting server on port 3000","timestamp":"2025-05-07 19:44:31"}
{"level":"info","message":"Database is configured for: urlShortener","timestamp":"2025-05-07 19:44:33"}
{"level":"info","message":"Attempting to Start server on port 3000","timestamp":"2025-05-07 19:44:33"}
{"level":"info","message":"Client connected from Pool (Total count: 1","timestamp":"2025-05-07 19:44:34"}
{"level":"info","message":"Database connection pool established successfully","timestamp":"2025-05-07 19:44:34"}
{"level":"info","message":"Initializing database schema...","timestamp":"2025-05-07 19:44:34"}
{"level":"info","message":"Database schema initialized successfully","timestamp":"2025-05-07 19:44:34"}
{"level":"info","message":"Starting server on port 3000","timestamp":"2025-05-07 19:44:34"}
{"level":"info","message":"Starting server on port 3000","timestamp":"2025-05-07 19:44:34"}
{"level":"info","message":"Database is configured for: urlShortener","timestamp":"2025-05-07 19:44:37"}
{"level":"info","message":"Attempting to Start server on port 3000","timestamp":"2025-05-07 19:44:37"}
{"level":"info","message":"Client connected from Pool (Total count: 1","timestamp":"2025-05-07 19:44:38"}
{"level":"info","message":"Database connection pool established successfully","timestamp":"2025-05-07 19:44:38"}
{"level":"info","message":"Initializing database schema...","timestamp":"2025-05-07 19:44:38"}
{"level":"info","message":"Database schema initialized successfully","timestamp":"2025-05-07 19:44:38"}
{"level":"info","message":"Starting server on port 3000","timestamp":"2025-05-07 19:44:38"}
{"level":"info","message":"Starting server on port 3000","timestamp":"2025-05-07 19:44:38"}
{"level":"info","message":"Database is configured for: urlShortener","timestamp":"2025-05-07 19:45:32"}
{"level":"info","message":"Attempting to Start server on port 3000","timestamp":"2025-05-07 19:45:32"}
{"level":"info","message":"Client connected from Pool (Total count: 1","timestamp":"2025-05-07 19:45:32"}
{"level":"info","message":"Database connection pool established successfully","timestamp":"2025-05-07 19:45:32"}
{"level":"info","message":"Initializing database schema...","timestamp":"2025-05-07 19:45:32"}
{"level":"info","message":"Database schema initialized successfully","timestamp":"2025-05-07 19:45:32"}
{"level":"info","message":"Starting server on port 3000","timestamp":"2025-05-07 19:45:32"}
{"level":"info","message":"Starting server on port 3000","timestamp":"2025-05-07 19:45:32"}
{"level":"info","message":"Database is configured for: urlShortener","timestamp":"2025-05-07 19:45:43"}
{"level":"info","message":"Attempting to Start server on port 3000","timestamp":"2025-05-07 19:45:43"}
{"level":"info","message":"Client connected from Pool (Total count: 1","timestamp":"2025-05-07 19:45:43"}
{"level":"info","message":"Database connection pool established successfully","timestamp":"2025-05-07 19:45:43"}
{"level":"info","message":"Initializing database schema...","timestamp":"2025-05-07 19:45:43"}
{"level":"info","message":"Database schema initialized successfully","timestamp":"2025-05-07 19:45:43"}
{"level":"info","message":"Starting server on port 3000","timestamp":"2025-05-07 19:45:43"}
{"level":"info","message":"Starting server on port 3000","timestamp":"2025-05-07 19:45:43"}
{"level":"info","message":"Database is configured for: urlShortener","timestamp":"2025-05-07 19:46:14"}
{"level":"info","message":"Attempting to Start server on port 3000","timestamp":"2025-05-07 19:46:14"}
{"level":"info","message":"Client connected from Pool (Total count: 1","timestamp":"2025-05-07 19:46:14"}
{"level":"info","message":"Database connection pool established successfully","timestamp":"2025-05-07 19:46:14"}
{"level":"info","message":"Initializing database schema...","timestamp":"2025-05-07 19:46:14"}
{"level":"info","message":"Database schema initialized successfully","timestamp":"2025-05-07 19:46:14"}
{"level":"info","message":"Starting server on port 3000","timestamp":"2025-05-07 19:46:14"}
{"level":"info","message":"Starting server on port 3000","timestamp":"2025-05-07 19:46:14"}
{"level":"info","message":"Database is configured for: urlShortener","timestamp":"2025-05-07 19:46:21"}
{"level":"info","message":"Attempting to Start server on port 3000","timestamp":"2025-05-07 19:46:21"}
{"level":"info","message":"Client connected from Pool (Total count: 1","timestamp":"2025-05-07 19:46:21"}
{"level":"info","message":"Database connection pool established successfully","timestamp":"2025-05-07 19:46:21"}
{"level":"info","message":"Initializing database schema...","timestamp":"2025-05-07 19:46:21"}
{"level":"info","message":"Database schema initialized successfully","timestamp":"2025-05-07 19:46:21"}
{"level":"info","message":"Starting server on port 3000","timestamp":"2025-05-07 19:46:21"}
{"level":"info","message":"Starting server on port 3000","timestamp":"2025-05-07 19:46:21"}
{"level":"info","message":"Database is configured for: urlShortener","timestamp":"2025-05-07 19:46:22"}
{"level":"info","message":"Attempting to Start server on port 3000","timestamp":"2025-05-07 19:46:22"}
{"level":"info","message":"Client connected from Pool (Total count: 1","timestamp":"2025-05-07 19:46:22"}
{"level":"info","message":"Database connection pool established successfully","timestamp":"2025-05-07 19:46:22"}
{"level":"info","message":"Initializing database schema...","timestamp":"2025-05-07 19:46:22"}
{"level":"info","message":"Database schema initialized successfully","timestamp":"2025-05-07 19:46:22"}
{"level":"info","message":"Starting server on port 3000","timestamp":"2025-05-07 19:46:22"}
{"level":"info","message":"Starting server on port 3000","timestamp":"2025-05-07 19:46:22"}
{"level":"info","message":"Database is configured for: urlShortener","timestamp":"2025-05-07 19:47:28"}
{"level":"info","message":"Attempting to Start server on port 3000","timestamp":"2025-05-07 19:47:28"}
{"level":"info","message":"Client connected from Pool (Total count: 1","timestamp":"2025-05-07 19:47:28"}
{"level":"info","message":"Database connection pool established successfully","timestamp":"2025-05-07 19:47:28"}
{"level":"info","message":"Initializing database schema...","timestamp":"2025-05-07 19:47:28"}
{"level":"info","message":"Database schema initialized successfully","timestamp":"2025-05-07 19:47:28"}
{"level":"info","message":"Starting server on port 3000","timestamp":"2025-05-07 19:47:28"}
{"level":"info","message":"Starting server on port 3000","timestamp":"2025-05-07 19:47:28"}
{"level":"info","message":"Database is configured for: urlShortener","timestamp":"2025-05-07 19:47:35"}
{"level":"info","message":"Attempting to Start server on port 3000","timestamp":"2025-05-07 19:47:35"}
{"level":"info","message":"Client connected from Pool (Total count: 1","timestamp":"2025-05-07 19:47:35"}
{"level":"info","message":"Database connection pool established successfully","timestamp":"2025-05-07 19:47:35"}
{"level":"info","message":"Initializing database schema...","timestamp":"2025-05-07 19:47:35"}
{"level":"info","message":"Database schema initialized successfully","timestamp":"2025-05-07 19:47:35"}
{"level":"info","message":"Starting server on port 3000","timestamp":"2025-05-07 19:47:35"}
{"level":"info","message":"Starting server on port 3000","timestamp":"2025-05-07 19:47:35"}
{"level":"info","message":"Database is configured for: urlShortener","timestamp":"2025-05-07 19:47:36"}
{"level":"info","message":"Attempting to Start server on port 3000","timestamp":"2025-05-07 19:47:36"}
{"level":"info","message":"Client connected from Pool (Total count: 1","timestamp":"2025-05-07 19:47:36"}
{"level":"info","message":"Database connection pool established successfully","timestamp":"2025-05-07 19:47:36"}
{"level":"info","message":"Initializing database schema...","timestamp":"2025-05-07 19:47:36"}
{"level":"info","message":"Database schema initialized successfully","timestamp":"2025-05-07 19:47:36"}
{"level":"info","message":"Starting server on port 3000","timestamp":"2025-05-07 19:47:36"}
{"level":"info","message":"Starting server on port 3000","timestamp":"2025-05-07 19:47:36"}
{"level":"info","message":"Database is configured for: urlShortener","timestamp":"2025-05-07 19:47:39"}
{"level":"info","message":"Attempting to Start server on port 3000","timestamp":"2025-05-07 19:47:39"}
{"level":"info","message":"Client connected from Pool (Total count: 1","timestamp":"2025-05-07 19:47:39"}
{"level":"info","message":"Database connection pool established successfully","timestamp":"2025-05-07 19:47:39"}
{"level":"info","message":"Initializing database schema...","timestamp":"2025-05-07 19:47:39"}
{"level":"info","message":"Database schema initialized successfully","timestamp":"2025-05-07 19:47:39"}
{"level":"info","message":"Starting server on port 3000","timestamp":"2025-05-07 19:47:39"}
{"level":"info","message":"Starting server on port 3000","timestamp":"2025-05-07 19:47:39"}
{"level":"info","message":"Database is configured for: urlShortener","timestamp":"2025-05-07 19:47:40"}
{"level":"info","message":"Attempting to Start server on port 3000","timestamp":"2025-05-07 19:47:41"}
{"level":"info","message":"Client connected from Pool (Total count: 1","timestamp":"2025-05-07 19:47:41"}
{"level":"info","message":"Database connection pool established successfully","timestamp":"2025-05-07 19:47:41"}
{"level":"info","message":"Initializing database schema...","timestamp":"2025-05-07 19:47:41"}
{"level":"info","message":"Database schema initialized successfully","timestamp":"2025-05-07 19:47:41"}
{"level":"info","message":"Starting server on port 3000","timestamp":"2025-05-07 19:47:41"}
{"level":"info","message":"Starting server on port 3000","timestamp":"2025-05-07 19:47:41"}
{"level":"info","message":"Database is configured for: urlShortener","timestamp":"2025-05-07 19:47:44"}
{"level":"info","message":"Attempting to Start server on port 3000","timestamp":"2025-05-07 19:47:44"}
{"level":"info","message":"Client connected from Pool (Total count: 1","timestamp":"2025-05-07 19:47:44"}
{"level":"info","message":"Database connection pool established successfully","timestamp":"2025-05-07 19:47:44"}
{"level":"info","message":"Initializing database schema...","timestamp":"2025-05-07 19:47:44"}
{"level":"info","message":"Database schema initialized successfully","timestamp":"2025-05-07 19:47:44"}
{"level":"info","message":"Starting server on port 3000","timestamp":"2025-05-07 19:47:44"}
{"level":"info","message":"Starting server on port 3000","timestamp":"2025-05-07 19:47:44"}
{"level":"info","message":"Database is configured for: urlShortener","timestamp":"2025-05-07 19:47:45"}
{"level":"info","message":"Attempting to Start server on port 3000","timestamp":"2025-05-07 19:47:45"}
{"level":"info","message":"Client connected from Pool (Total count: 1","timestamp":"2025-05-07 19:47:45"}
{"level":"info","message":"Database connection pool established successfully","timestamp":"2025-05-07 19:47:45"}
{"level":"info","message":"Initializing database schema...","timestamp":"2025-05-07 19:47:45"}
{"level":"info","message":"Database schema initialized successfully","timestamp":"2025-05-07 19:47:45"}
{"level":"info","message":"Starting server on port 3000","timestamp":"2025-05-07 19:47:45"}
{"level":"info","message":"Starting server on port 3000","timestamp":"2025-05-07 19:47:45"}
{"level":"info","message":"Database is configured for: urlShortener","timestamp":"2025-05-07 19:47:49"}
{"level":"info","message":"Attempting to Start server on port 3000","timestamp":"2025-05-07 19:47:49"}
{"level":"info","message":"Client connected from Pool (Total count: 1","timestamp":"2025-05-07 19:47:49"}
{"level":"info","message":"Database connection pool established successfully","timestamp":"2025-05-07 19:47:49"}
{"level":"info","message":"Initializing database schema...","timestamp":"2025-05-07 19:47:49"}
{"level":"info","message":"Database schema initialized successfully","timestamp":"2025-05-07 19:47:49"}
{"level":"info","message":"Starting server on port 3000","timestamp":"2025-05-07 19:47:49"}
{"level":"info","message":"Starting server on port 3000","timestamp":"2025-05-07 19:47:49"}
{"level":"info","message":"Database is configured for: urlShortener","timestamp":"2025-05-07 19:47:50"}
{"level":"info","message":"Attempting to Start server on port 3000","timestamp":"2025-05-07 19:47:50"}
{"level":"info","message":"Client connected from Pool (Total count: 1","timestamp":"2025-05-07 19:47:50"}
{"level":"info","message":"Database connection pool established successfully","timestamp":"2025-05-07 19:47:50"}
{"level":"info","message":"Initializing database schema...","timestamp":"2025-05-07 19:47:50"}
{"level":"info","message":"Database schema initialized successfully","timestamp":"2025-05-07 19:47:50"}
{"level":"info","message":"Starting server on port 3000","timestamp":"2025-05-07 19:47:50"}
{"level":"info","message":"Starting server on port 3000","timestamp":"2025-05-07 19:47:50"}
{"level":"info","message":"Database is configured for: urlShortener","timestamp":"2025-05-07 19:47:55"}
{"level":"info","message":"Attempting to Start server on port 3000","timestamp":"2025-05-07 19:47:55"}
{"level":"info","message":"Client connected from Pool (Total count: 1","timestamp":"2025-05-07 19:47:55"}
{"level":"info","message":"Database connection pool established successfully","timestamp":"2025-05-07 19:47:55"}
{"level":"info","message":"Initializing database schema...","timestamp":"2025-05-07 19:47:55"}
{"level":"info","message":"Database schema initialized successfully","timestamp":"2025-05-07 19:47:55"}
{"level":"info","message":"Starting server on port 3000","timestamp":"2025-05-07 19:47:55"}
{"level":"info","message":"Starting server on port 3000","timestamp":"2025-05-07 19:47:55"}
{"level":"info","message":"Database is configured for: urlShortener","timestamp":"2025-05-07 19:49:35"}
{"level":"info","message":"Attempting to Start server on port 3000","timestamp":"2025-05-07 19:49:35"}
{"level":"info","message":"Client connected from Pool (Total count: 1","timestamp":"2025-05-07 19:49:35"}
{"level":"info","message":"Database connection pool established successfully","timestamp":"2025-05-07 19:49:35"}
{"level":"info","message":"Initializing database schema...","timestamp":"2025-05-07 19:49:35"}
{"level":"info","message":"Database schema initialized successfully","timestamp":"2025-05-07 19:49:35"}
{"level":"info","message":"Starting server on port 3000","timestamp":"2025-05-07 19:49:35"}
{"level":"info","message":"Starting server on port 3000","timestamp":"2025-05-07 19:49:35"}
{"level":"info","message":"Database is configured for: urlShortener","timestamp":"2025-05-07 19:49:38"}
{"level":"info","message":"Attempting to Start server on port 3000","timestamp":"2025-05-07 19:49:38"}
{"level":"info","message":"Client connected from Pool (Total count: 1","timestamp":"2025-05-07 19:49:38"}
{"level":"info","message":"Database connection pool established successfully","timestamp":"2025-05-07 19:49:38"}
{"level":"info","message":"Initializing database schema...","timestamp":"2025-05-07 19:49:38"}
{"level":"info","message":"Database schema initialized successfully","timestamp":"2025-05-07 19:49:38"}
{"level":"info","message":"Starting server on port 3000","timestamp":"2025-05-07 19:49:38"}
{"level":"info","message":"Starting server on port 3000","timestamp":"2025-05-07 19:49:38"}
{"level":"info","message":"Database is configured for: urlShortener","timestamp":"2025-05-07 19:49:41"}
{"level":"info","message":"Attempting to Start server on port 3000","timestamp":"2025-05-07 19:49:41"}
{"level":"info","message":"Client connected from Pool (Total count: 1","timestamp":"2025-05-07 19:49:41"}
{"level":"info","message":"Database connection pool established successfully","timestamp":"2025-05-07 19:49:41"}
{"level":"info","message":"Initializing database schema...","timestamp":"2025-05-07 19:49:41"}
{"level":"info","message":"Database schema initialized successfully","timestamp":"2025-05-07 19:49:41"}
{"level":"info","message":"Starting server on port 3000","timestamp":"2025-05-07 19:49:41"}
{"level":"info","message":"Starting server on port 3000","timestamp":"2025-05-07 19:49:41"}
{"level":"info","message":"Database is configured for: urlShortener","timestamp":"2025-05-07 19:49:51"}
{"level":"info","message":"Attempting to Start server on port 3000","timestamp":"2025-05-07 19:49:51"}
{"level":"info","message":"Client connected from Pool (Total count: 1","timestamp":"2025-05-07 19:49:51"}
{"level":"info","message":"Database connection pool established successfully","timestamp":"2025-05-07 19:49:51"}
{"level":"info","message":"Initializing database schema...","timestamp":"2025-05-07 19:49:51"}
{"level":"info","message":"Database schema initialized successfully","timestamp":"2025-05-07 19:49:51"}
{"level":"info","message":"Starting server on port 3000","timestamp":"2025-05-07 19:49:51"}
{"level":"info","message":"Starting server on port 3000","timestamp":"2025-05-07 19:49:51"}
{"level":"info","message":"Database is configured for: urlShortener","timestamp":"2025-05-07 19:50:06"}
{"level":"info","message":"Attempting to Start server on port 3000","timestamp":"2025-05-07 19:50:06"}
{"level":"info","message":"Client connected from Pool (Total count: 1","timestamp":"2025-05-07 19:50:06"}
{"level":"info","message":"Database connection pool established successfully","timestamp":"2025-05-07 19:50:06"}
{"level":"info","message":"Initializing database schema...","timestamp":"2025-05-07 19:50:06"}
{"level":"info","message":"Database schema initialized successfully","timestamp":"2025-05-07 19:50:06"}
{"level":"info","message":"Starting server on port 3000","timestamp":"2025-05-07 19:50:06"}
{"level":"info","message":"Starting server on port 3000","timestamp":"2025-05-07 19:50:06"}
{"level":"info","message":"Recieved SIGINT","timestamp":"2025-05-07 19:50:46"}
